CRIM,ZN,INDUS,CHAS,NOX,RM,DIS,TAX,PTRATIO,LSTAT,age_category,rad_category
0.00632,18.0,2.31,0.0,0.538,,4.09,296.0,,4.98,old,low
0.02731,0.0,7.07,0.0,0.469,6.421,4.9671,,17.8,9.14,old,low
0.02729,0.0,7.07,0.0,0.469,7.185,4.9671,,17.8,4.03,old,low
0.03237,0.0,2.18,0.0,0.458,6.998,6.0622,222.0,18.7,2.94,middle-aged,
0.06905,0.0,2.18,0.0,,7.147,6.0622,222.0,18.7,5.33,middle-aged,
0.02985,0.0,2.18,0.0,0.458,,6.0622,222.0,18.7,5.21,middle-aged,
,12.5,7.87,0.0,0.524,6.012,5.5605,311.0,15.2,12.43,old,medium
,12.5,7.87,0.0,0.524,6.172,5.9505,311.0,15.2,19.15,old,medium
0.21124,,7.87,0.0,0.524,5.631,6.0821,311.0,15.2,29.93,old,medium
0.17004,12.5,7.87,0.0,0.524,6.004,6.5921,,15.2,17.1,old,medium
0.22489,12.5,7.87,0.0,0.524,,,311.0,15.2,20.45,old,medium
0.11747,,7.87,,0.524,6.009,6.2267,311.0,15.2,13.27,old,medium
0.09378,12.5,7.87,,,5.889,5.4509,311.0,15.2,15.71,middle-aged,medium
0.62976,0.0,,,0.538,5.949,4.7075,,21.0,8.26,old,low
0.63796,0.0,8.14,0.0,0.538,6.096,4.4619,307.0,21.0,10.26,old,low
0.62739,0.0,8.14,,0.538,5.834,4.4986,307.0,21.0,8.47,,low
1.05393,0.0,,0.0,0.538,5.935,4.4986,307.0,21.0,6.58,young,
,0.0,,0.0,0.538,5.99,4.2579,307.0,,14.67,old,
0.80271,0.0,8.14,0.0,0.538,,3.7965,307.0,,11.69,middle-aged,
,0.0,8.14,0.0,0.538,5.727,3.7965,307.0,21.0,,old,low
1.25179,0.0,8.14,0.0,0.538,5.57,3.7979,307.0,21.0,21.02,,
0.85204,,8.14,0.0,,5.965,4.0123,307.0,21.0,13.83,old,low
1.23247,0.0,8.14,0.0,0.538,6.142,3.9769,307.0,21.0,18.72,old,low
0.98843,,8.14,0.0,0.538,,4.0952,307.0,21.0,19.88,old,low
0.75026,0.0,8.14,0.0,0.538,5.924,4.3996,307.0,21.0,16.3,old,low
0.84054,,8.14,0.0,0.538,5.599,4.4546,307.0,21.0,16.51,old,low
0.67191,0.0,8.14,0.0,0.538,5.813,4.682,,21.0,14.81,old,
0.95577,0.0,8.14,,,6.047,4.4534,307.0,21.0,17.28,old,low
0.77299,0.0,8.14,0.0,0.538,6.495,4.4547,307.0,21.0,12.8,old,low
1.00245,0.0,8.14,0.0,0.538,6.674,4.239,307.0,21.0,11.98,old,
,0.0,8.14,0.0,0.538,5.713,4.233,307.0,21.0,,old,low
1.35472,0.0,8.14,0.0,0.538,6.072,4.175,307.0,21.0,13.04,old,low
1.38799,0.0,8.14,0.0,0.538,5.95,3.99,307.0,21.0,27.71,old,low
1.15172,,8.14,0.0,0.538,5.701,3.7872,307.0,21.0,18.35,old,low
1.61282,0.0,8.14,0.0,0.538,6.096,3.7598,307.0,21.0,20.34,old,low
0.06417,0.0,5.96,0.0,0.499,5.933,,,19.2,9.68,,medium
0.09744,0.0,5.96,0.0,0.499,5.841,3.3779,279.0,19.2,11.41,old,medium
0.08014,0.0,5.96,0.0,0.499,,3.9342,279.0,19.2,,middle-aged,medium
0.17505,0.0,5.96,0.0,,5.966,3.8473,279.0,19.2,10.13,middle-aged,medium
0.02763,75.0,2.95,0.0,0.428,6.595,5.4011,252.0,18.3,4.32,young,low
0.03359,75.0,2.95,0.0,0.428,,5.4011,252.0,18.3,1.98,young,low
0.12744,0.0,6.91,0.0,0.448,6.77,,233.0,17.9,4.84,young,low
0.1415,0.0,6.91,0.0,0.448,6.169,5.7209,233.0,17.9,5.81,young,low
0.15936,0.0,6.91,0.0,0.448,6.211,5.7209,233.0,17.9,7.44,young,low
0.12269,0.0,6.91,0.0,0.448,6.069,5.7209,233.0,17.9,9.55,middle-aged,low
,0.0,6.91,0.0,,5.682,5.1004,233.0,17.9,10.21,middle-aged,low
0.18836,0.0,6.91,0.0,0.448,5.786,5.1004,233.0,17.9,14.15,middle-aged,low
0.22927,0.0,6.91,0.0,0.448,6.03,5.6894,233.0,17.9,18.8,old,low
0.25387,0.0,6.91,0.0,0.448,5.399,5.87,233.0,17.9,30.81,old,low
0.21977,0.0,,0.0,0.448,5.602,6.0877,233.0,17.9,16.2,old,low
0.08873,21.0,5.64,0.0,0.439,5.963,6.8147,243.0,16.8,13.45,middle-aged,low
0.04337,21.0,5.64,0.0,0.439,6.115,6.8147,243.0,16.8,9.43,,
0.0536,21.0,5.64,0.0,0.439,6.511,6.8147,243.0,16.8,5.28,young,low
0.04981,21.0,5.64,0.0,0.439,5.998,,243.0,16.8,,young,low
0.0136,75.0,4.0,0.0,0.41,5.888,7.3197,469.0,21.1,14.8,middle-aged,low
0.01311,90.0,1.22,0.0,0.403,,8.6966,226.0,17.9,4.81,young,medium
0.02055,85.0,0.74,0.0,0.41,6.383,9.1876,313.0,17.3,5.77,middle-aged,low
0.01432,100.0,1.32,0.0,0.411,6.816,,256.0,15.1,3.95,middle-aged,medium
0.15445,25.0,5.13,0.0,,6.145,7.8148,284.0,19.7,6.86,young,medium
0.10328,25.0,5.13,0.0,0.453,,6.932,284.0,19.7,9.22,,medium
0.14932,,5.13,0.0,0.453,5.741,7.2254,284.0,19.7,13.15,old,medium
0.17171,25.0,5.13,0.0,0.453,5.966,,284.0,19.7,14.44,old,medium
0.11027,25.0,5.13,0.0,,6.456,7.2255,284.0,19.7,6.73,old,medium
0.1265,25.0,5.13,0.0,0.453,6.762,7.9809,284.0,19.7,9.5,middle-aged,medium
0.01951,17.5,1.38,0.0,0.4161,7.104,9.2229,216.0,18.6,,middle-aged,low
0.03584,80.0,3.37,0.0,0.398,6.29,,337.0,16.1,4.67,,low
0.04379,80.0,3.37,0.0,,5.787,6.6115,337.0,,10.24,,low
0.05789,12.5,6.07,0.0,0.409,5.878,6.498,345.0,18.9,8.1,young,low
0.13554,12.5,6.07,0.0,0.409,5.594,6.498,345.0,18.9,13.09,,low
0.12816,12.5,6.07,0.0,0.409,5.885,6.498,345.0,,8.79,middle-aged,low
0.08826,0.0,10.81,0.0,0.413,6.417,5.2873,305.0,19.2,6.72,young,low
0.15876,0.0,10.81,0.0,0.413,5.961,5.2873,305.0,19.2,9.88,young,low
0.09164,0.0,10.81,0.0,0.413,6.065,5.2873,305.0,19.2,5.52,young,low
0.19539,0.0,,0.0,0.413,6.245,5.2873,305.0,19.2,7.54,young,low
0.07896,0.0,12.83,,0.437,6.273,4.2515,398.0,18.7,6.78,young,
0.09512,0.0,12.83,,0.437,6.286,4.5026,398.0,,8.94,middle-aged,medium
0.10153,0.0,12.83,0.0,0.437,6.279,4.0522,398.0,18.7,11.97,old,medium
0.08707,0.0,,0.0,0.437,6.14,4.0905,398.0,18.7,10.27,middle-aged,medium
0.05646,0.0,12.83,0.0,0.437,6.232,5.0141,398.0,18.7,12.34,middle-aged,medium
0.08387,0.0,12.83,0.0,0.437,,4.5026,398.0,18.7,9.1,middle-aged,
0.04113,25.0,,0.0,0.426,6.727,5.4007,281.0,19.0,5.29,middle-aged,low
0.04462,25.0,4.86,0.0,0.426,6.619,5.4007,281.0,19.0,7.22,old,
0.03659,25.0,4.86,0.0,,6.302,5.4007,281.0,19.0,6.72,middle-aged,low
0.03551,25.0,4.86,0.0,0.426,6.167,5.4007,281.0,19.0,7.51,middle-aged,low
,0.0,4.49,0.0,0.449,6.389,4.7794,247.0,18.5,9.62,middle-aged,low
0.05735,0.0,4.49,0.0,0.449,6.63,,247.0,18.5,6.53,,low
0.05188,0.0,4.49,0.0,0.449,6.015,4.4272,247.0,18.5,12.86,middle-aged,
0.07151,0.0,4.49,0.0,0.449,6.121,3.7476,247.0,18.5,8.44,middle-aged,low
0.0566,0.0,3.41,0.0,0.489,7.007,3.4217,270.0,17.8,5.5,old,low
0.05302,0.0,3.41,0.0,0.489,7.079,3.4145,270.0,17.8,5.7,old,low
0.04684,,3.41,0.0,0.489,6.417,,270.0,17.8,8.81,old,low
0.03932,0.0,3.41,0.0,0.489,6.405,3.0921,270.0,17.8,8.2,old,low
0.04203,28.0,15.04,0.0,0.464,,,270.0,18.2,8.16,middle-aged,low
0.02875,,15.04,0.0,0.464,6.211,3.6659,270.0,18.2,,young,low
0.04294,,,0.0,0.464,6.249,3.615,270.0,18.2,10.59,old,low
0.12204,0.0,2.89,0.0,0.445,6.625,3.4952,276.0,18.0,6.65,,low
0.11504,0.0,2.89,0.0,0.445,6.163,3.4952,276.0,18.0,11.34,old,low
0.12083,0.0,2.89,0.0,,8.069,3.4952,,18.0,4.21,old,low
,0.0,2.89,0.0,0.445,,3.4952,,18.0,3.57,middle-aged,low
0.0686,0.0,,0.0,0.445,7.416,3.4952,276.0,,6.19,old,low
0.14866,0.0,8.56,0.0,,6.727,2.7778,384.0,,9.42,,
0.11432,0.0,8.56,0.0,,6.781,2.8561,384.0,20.9,7.67,old,medium
0.22876,0.0,8.56,0.0,,,,384.0,20.9,10.63,old,medium
0.21161,0.0,8.56,,0.52,6.137,,384.0,20.9,13.44,old,
0.1396,0.0,8.56,0.0,0.52,6.167,2.421,384.0,20.9,12.33,old,medium
0.13262,0.0,8.56,0.0,0.52,5.851,2.1069,384.0,20.9,,old,medium
,0.0,,0.0,0.52,5.836,2.211,,20.9,18.66,old,medium
0.13117,0.0,8.56,,0.52,,2.1224,384.0,20.9,14.09,,medium
0.12802,0.0,8.56,,0.52,6.474,2.4329,384.0,,12.27,old,medium
,,8.56,0.0,0.52,6.229,2.5451,384.0,20.9,15.55,old,medium
0.10793,0.0,8.56,0.0,0.52,,2.7778,384.0,20.9,13.0,middle-aged,medium
0.10084,0.0,10.01,,0.547,6.715,2.6775,432.0,,10.16,old,medium
0.12329,0.0,10.01,0.0,0.547,5.913,2.3534,432.0,17.8,16.21,old,medium
0.22212,0.0,10.01,0.0,0.547,6.092,2.548,432.0,17.8,17.09,old,medium
,0.0,10.01,0.0,0.547,6.254,2.2565,432.0,17.8,10.45,old,medium
0.17134,0.0,10.01,0.0,0.547,5.928,2.4631,432.0,,15.76,old,medium
0.13158,0.0,10.01,0.0,0.547,6.176,2.7301,432.0,17.8,12.04,old,
0.15098,0.0,10.01,0.0,0.547,6.021,2.7474,432.0,17.8,10.3,old,medium
0.13058,0.0,,0.0,0.547,5.872,2.4775,,,15.37,old,medium
0.14476,,10.01,0.0,0.547,5.731,2.7592,432.0,,,old,medium
0.06899,0.0,25.65,0.0,0.581,5.87,2.2577,188.0,19.1,14.37,old,low
0.07165,0.0,,0.0,,6.004,2.1974,,19.1,14.27,old,
0.09299,0.0,25.65,0.0,0.581,5.961,2.0869,188.0,19.1,17.93,old,low
0.15038,0.0,25.65,0.0,0.581,5.856,1.9444,188.0,19.1,,old,low
0.09849,0.0,25.65,0.0,0.581,,2.0063,188.0,19.1,17.58,old,
0.16902,0.0,25.65,0.0,0.581,5.986,1.9929,188.0,19.1,,old,
0.38735,0.0,25.65,0.0,0.581,5.613,1.7572,188.0,19.1,27.26,old,low
0.25915,0.0,21.89,,0.624,5.693,1.7883,437.0,21.2,17.19,old,low
0.32543,,21.89,0.0,0.624,6.431,1.8125,437.0,,15.39,old,low
0.88125,0.0,,0.0,0.624,5.637,,437.0,21.2,18.34,old,low
,0.0,21.89,0.0,0.624,6.458,2.1185,437.0,21.2,12.6,old,low
1.19294,0.0,,0.0,0.624,6.326,2.271,437.0,21.2,12.26,old,low
0.59005,,,0.0,0.624,6.372,2.3274,,21.2,11.12,old,low
0.32982,0.0,21.89,0.0,0.624,5.822,2.4699,437.0,21.2,15.03,old,low
0.97617,,,0.0,0.624,5.757,2.346,437.0,21.2,17.31,old,low
0.55778,0.0,21.89,0.0,0.624,6.335,2.1107,437.0,,16.96,old,low
,,21.89,0.0,0.624,5.942,1.9669,437.0,21.2,16.9,old,low
0.35233,0.0,21.89,0.0,0.624,6.454,1.8498,437.0,21.2,14.59,old,
0.2498,0.0,21.89,0.0,0.624,5.857,1.6686,437.0,21.2,21.32,old,low
0.54452,0.0,21.89,,,6.151,1.6687,437.0,21.2,18.46,old,
0.2909,0.0,21.89,0.0,0.624,6.174,1.6119,437.0,21.2,24.16,old,low
1.62864,0.0,21.89,0.0,0.624,5.019,1.4394,437.0,21.2,34.41,old,low
3.32105,0.0,19.58,1.0,0.871,5.403,1.3216,403.0,14.7,26.82,old,medium
,0.0,19.58,,0.871,5.468,1.4118,403.0,14.7,26.42,old,
2.77974,0.0,19.58,0.0,0.871,4.903,1.3459,403.0,14.7,29.29,old,medium
2.37934,0.0,19.58,0.0,0.871,6.13,1.4191,403.0,14.7,27.8,old,medium
2.15505,0.0,19.58,0.0,0.871,5.628,,403.0,14.7,16.65,old,medium
2.36862,0.0,19.58,0.0,0.871,4.926,1.4608,403.0,14.7,29.53,old,medium
2.33099,0.0,19.58,,0.871,5.186,1.5296,403.0,14.7,28.32,old,medium
,0.0,19.58,,0.871,5.597,1.5257,403.0,14.7,21.45,old,medium
1.6566,0.0,19.58,0.0,,6.122,1.618,403.0,14.7,,old,medium
1.49632,0.0,19.58,0.0,,5.404,1.5916,403.0,14.7,13.28,,medium
1.12658,0.0,19.58,1.0,0.871,5.012,1.6102,403.0,14.7,12.12,old,medium
2.14918,0.0,19.58,0.0,0.871,5.709,1.6232,403.0,14.7,15.79,old,medium
1.41385,0.0,19.58,1.0,0.871,6.129,1.7494,403.0,14.7,15.12,old,medium
,0.0,,1.0,0.871,6.152,1.7455,403.0,14.7,15.02,old,medium
,0.0,19.58,0.0,0.871,5.272,1.7364,403.0,14.7,16.14,,medium
,0.0,19.58,0.0,,6.943,,403.0,,4.59,old,medium
1.34284,0.0,19.58,0.0,0.605,6.066,1.7573,403.0,14.7,6.43,old,medium
1.42502,0.0,,0.0,0.871,6.51,1.7659,403.0,14.7,7.39,old,medium
1.27346,0.0,19.58,1.0,0.605,6.25,1.7984,403.0,14.7,,old,medium
1.46336,0.0,19.58,0.0,0.605,7.489,1.9709,403.0,14.7,1.73,old,medium
1.83377,0.0,19.58,1.0,0.605,7.802,,403.0,14.7,1.92,old,
1.51902,0.0,19.58,1.0,0.605,8.375,2.162,403.0,,3.32,old,medium
2.24236,0.0,19.58,0.0,,5.854,2.422,403.0,14.7,11.64,old,medium
2.924,0.0,19.58,0.0,0.605,6.101,2.2834,403.0,14.7,,old,medium
2.01019,0.0,19.58,,,7.929,2.0459,403.0,14.7,3.7,old,medium
1.80028,0.0,19.58,0.0,0.605,5.877,2.4259,403.0,14.7,12.14,old,medium
2.3004,0.0,19.58,0.0,0.605,6.319,2.1,403.0,14.7,11.1,old,medium
2.44953,0.0,19.58,0.0,0.605,6.402,2.2625,403.0,,11.32,old,medium
1.20742,0.0,,0.0,0.605,5.875,2.4259,,14.7,14.43,old,medium
2.3139,0.0,19.58,0.0,0.605,5.88,2.3887,403.0,14.7,12.03,old,medium
0.13914,0.0,4.05,0.0,0.51,5.572,2.5961,296.0,16.6,14.69,old,medium
0.09178,0.0,4.05,0.0,0.51,6.416,2.6463,296.0,16.6,9.04,old,medium
0.08447,0.0,4.05,0.0,0.51,5.859,2.7019,296.0,16.6,9.64,,medium
0.06664,0.0,4.05,0.0,,6.546,,296.0,16.6,5.33,middle-aged,medium
0.07022,,4.05,0.0,0.51,6.02,3.5549,296.0,16.6,10.11,,medium
,0.0,4.05,0.0,0.51,6.315,,296.0,16.6,6.29,old,
0.06642,0.0,4.05,0.0,0.51,6.86,2.9153,296.0,16.6,6.92,old,medium
0.0578,0.0,2.46,0.0,0.488,6.98,2.829,193.0,17.8,5.04,middle-aged,low
0.06588,0.0,2.46,0.0,,7.765,2.741,193.0,17.8,,old,low
0.06888,0.0,2.46,0.0,0.488,6.144,2.5979,193.0,17.8,9.45,old,low
0.09103,,2.46,0.0,0.488,7.155,,,17.8,4.82,old,low
0.10008,0.0,2.46,0.0,0.488,,2.847,193.0,17.8,5.68,old,low
0.08308,,2.46,0.0,0.488,5.604,,193.0,17.8,13.98,old,low
0.06047,0.0,2.46,0.0,0.488,6.153,3.2797,193.0,17.8,13.15,old,low
0.05602,0.0,2.46,0.0,0.488,7.831,3.1992,193.0,17.8,,,low
0.07875,45.0,3.44,0.0,0.437,6.782,3.7886,398.0,15.2,6.68,middle-aged,medium
0.12579,45.0,,0.0,0.437,6.556,,,15.2,4.56,young,medium
,,3.44,0.0,0.437,7.185,4.5667,398.0,15.2,5.39,middle-aged,medium
0.09068,45.0,3.44,0.0,0.437,6.951,6.4798,398.0,15.2,5.1,young,medium
0.06911,45.0,3.44,0.0,,,6.4798,398.0,15.2,4.69,middle-aged,
0.08664,45.0,3.44,0.0,,,6.4798,398.0,15.2,2.87,young,medium
0.02187,60.0,,0.0,0.401,6.8,6.2196,265.0,15.6,,young,low
0.01439,60.0,,0.0,0.401,6.604,6.2196,265.0,15.6,4.38,young,low
0.01381,80.0,0.46,0.0,0.422,7.875,,255.0,14.4,2.97,middle-aged,low
0.04011,80.0,,0.0,0.404,7.287,7.309,329.0,12.6,4.08,middle-aged,low
0.04666,80.0,1.52,0.0,0.404,7.107,7.309,329.0,12.6,8.61,middle-aged,low
0.03768,80.0,1.52,0.0,0.404,7.274,7.309,329.0,12.6,6.62,middle-aged,low
0.0315,95.0,,0.0,0.403,6.975,7.6534,402.0,17.0,4.56,young,low
0.01778,95.0,,0.0,0.403,7.135,7.6534,402.0,17.0,4.45,young,low
0.03445,82.5,2.03,0.0,0.415,6.162,6.27,,14.7,7.43,middle-aged,low
0.02177,82.5,2.03,0.0,0.415,7.61,6.27,348.0,14.7,3.11,,low
0.0351,95.0,2.68,0.0,0.4161,7.853,5.118,224.0,14.7,3.81,middle-aged,low
0.02009,95.0,2.68,0.0,0.4161,8.034,5.118,224.0,14.7,2.88,middle-aged,low
0.13642,0.0,,0.0,0.489,5.891,3.9454,277.0,18.6,10.87,,low
0.22969,0.0,10.59,0.0,0.489,6.326,4.3549,277.0,18.6,10.97,middle-aged,low
0.25199,0.0,10.59,0.0,0.489,5.783,4.3549,277.0,18.6,,old,low
0.13587,0.0,10.59,,0.489,6.064,,277.0,18.6,,middle-aged,low
,0.0,10.59,,0.489,5.344,3.875,277.0,18.6,,old,low
0.17446,,10.59,1.0,0.489,5.96,3.8771,277.0,18.6,17.27,old,low
0.37578,0.0,10.59,1.0,0.489,5.404,3.665,277.0,18.6,23.98,old,low
0.21719,0.0,10.59,1.0,0.489,5.807,3.6526,277.0,18.6,16.03,middle-aged,
0.14052,,10.59,0.0,0.489,,3.9454,277.0,18.6,9.38,middle-aged,low
0.28955,0.0,10.59,0.0,0.489,,3.5875,277.0,18.6,29.55,young,low
0.19802,0.0,10.59,0.0,,6.182,3.9454,277.0,18.6,9.47,,low
0.0456,0.0,13.89,1.0,0.55,5.888,3.1121,276.0,16.4,13.51,middle-aged,medium
0.07013,0.0,13.89,0.0,0.55,6.642,3.4211,276.0,,9.69,old,medium
0.11069,0.0,13.89,1.0,0.55,5.951,2.8893,276.0,16.4,17.92,old,medium
0.11425,0.0,13.89,1.0,0.55,6.373,3.3633,276.0,16.4,10.5,old,medium
0.35809,0.0,6.2,1.0,0.507,6.951,2.8617,307.0,,9.71,old,medium
0.40771,0.0,6.2,1.0,,6.164,3.048,307.0,17.4,21.46,old,medium
0.62356,0.0,6.2,,0.507,,3.2721,307.0,17.4,,old,medium
0.6147,0.0,6.2,0.0,0.507,6.618,3.2721,307.0,17.4,7.6,old,
0.31533,0.0,6.2,0.0,0.504,8.266,2.8944,,17.4,4.14,old,medium
0.52693,,,,0.504,8.725,2.8944,307.0,17.4,,old,medium
0.38214,0.0,6.2,0.0,0.504,8.04,3.2157,307.0,17.4,3.13,old,medium
0.41238,0.0,6.2,0.0,0.504,7.163,3.2157,307.0,17.4,6.36,old,medium
0.29819,0.0,6.2,0.0,0.504,,3.3751,307.0,17.4,3.92,young,
0.44178,,6.2,0.0,0.504,,3.3751,307.0,17.4,3.76,,medium
0.537,0.0,6.2,0.0,0.504,5.981,3.6715,,17.4,11.65,old,medium
0.46296,0.0,6.2,0.0,0.504,7.412,3.6715,307.0,17.4,5.25,old,medium
,0.0,6.2,,0.507,8.337,3.8384,307.0,,2.47,old,medium
0.33147,0.0,6.2,0.0,0.507,8.247,3.6519,307.0,17.4,,old,medium
0.44791,0.0,6.2,,0.507,6.726,3.6519,307.0,17.4,8.05,old,medium
,0.0,6.2,0.0,0.507,6.086,3.6519,307.0,17.4,10.88,old,medium
0.52058,0.0,6.2,1.0,0.507,6.631,4.148,307.0,17.4,9.54,old,medium
0.51183,0.0,6.2,0.0,,7.358,4.148,307.0,17.4,4.73,old,medium
0.08244,30.0,4.93,0.0,0.428,6.481,,300.0,16.6,6.36,young,medium
0.09252,30.0,4.93,0.0,0.428,6.606,6.1899,300.0,16.6,7.37,middle-aged,medium
0.11329,30.0,,0.0,,6.897,6.3361,300.0,16.6,11.38,,medium
0.10612,30.0,4.93,0.0,0.428,6.095,6.3361,300.0,16.6,12.4,old,medium
0.1029,30.0,4.93,0.0,0.428,6.358,7.0355,,16.6,11.22,middle-aged,medium
,30.0,4.93,0.0,0.428,6.393,7.0355,300.0,16.6,5.19,young,medium
0.20608,22.0,5.86,0.0,0.431,5.593,7.9549,330.0,19.1,12.5,old,medium
0.19133,22.0,5.86,0.0,0.431,5.605,7.9549,330.0,19.1,18.46,old,medium
0.33983,22.0,5.86,,0.431,6.108,,330.0,19.1,9.16,middle-aged,medium
0.19657,,5.86,0.0,0.431,,,330.0,19.1,10.15,old,medium
0.16439,22.0,5.86,0.0,0.431,6.433,7.8265,330.0,19.1,9.52,middle-aged,medium
0.19073,22.0,5.86,0.0,0.431,6.718,7.8265,330.0,19.1,6.56,young,medium
,22.0,5.86,0.0,0.431,6.487,7.3967,330.0,19.1,5.9,,medium
0.21409,22.0,5.86,0.0,0.431,6.438,7.3967,330.0,19.1,3.59,young,medium
0.08221,22.0,5.86,0.0,0.431,6.957,8.9067,330.0,19.1,3.53,young,medium
0.36894,22.0,5.86,0.0,0.431,8.259,8.9067,330.0,19.1,3.54,,medium
0.04819,80.0,3.64,0.0,0.392,6.108,9.2203,315.0,16.4,6.57,middle-aged,low
0.03548,80.0,3.64,0.0,0.392,5.876,9.2203,315.0,16.4,,young,low
0.01538,90.0,3.75,0.0,0.394,,6.3361,244.0,15.9,3.11,middle-aged,low
0.61154,20.0,3.97,,0.647,8.704,1.801,264.0,13.0,5.12,old,medium
0.66351,20.0,,0.0,0.647,7.333,1.8946,264.0,,7.79,old,medium
0.65665,20.0,3.97,0.0,0.647,6.842,2.0107,264.0,13.0,6.9,old,medium
0.54011,20.0,3.97,,0.647,7.203,2.1121,264.0,13.0,9.59,old,
0.53412,,3.97,0.0,,7.52,2.1398,264.0,13.0,7.26,old,medium
0.52014,20.0,3.97,0.0,0.647,8.398,2.2885,264.0,13.0,5.91,old,medium
0.82526,20.0,3.97,0.0,0.647,7.327,,264.0,,11.25,,medium
0.55007,20.0,3.97,0.0,0.647,7.206,1.9301,264.0,13.0,8.1,old,medium
0.76162,20.0,3.97,0.0,0.647,5.56,1.9865,264.0,13.0,10.45,old,medium
0.7857,20.0,3.97,0.0,0.647,7.014,2.1329,264.0,13.0,14.79,old,medium
0.57834,20.0,3.97,0.0,0.575,8.297,2.4216,264.0,13.0,7.44,old,
,,3.97,0.0,0.575,,2.872,264.0,13.0,,middle-aged,medium
0.09065,20.0,,1.0,0.464,5.92,3.9175,223.0,,13.65,,low
0.29916,20.0,6.96,,0.464,5.856,4.429,223.0,18.6,13.0,middle-aged,low
0.16211,20.0,6.96,0.0,0.464,6.24,,223.0,18.6,6.59,young,low
0.1146,20.0,6.96,,,6.538,,223.0,18.6,7.73,middle-aged,low
0.22188,20.0,6.96,1.0,0.464,7.691,4.3665,223.0,18.6,6.58,middle-aged,
0.05644,40.0,6.41,1.0,0.447,6.758,4.0776,254.0,17.6,3.53,middle-aged,low
0.09604,40.0,6.41,0.0,0.447,6.854,4.2673,254.0,17.6,2.98,middle-aged,low
0.10469,40.0,6.41,1.0,0.447,7.267,4.7872,254.0,17.6,6.05,middle-aged,low
0.06127,,,1.0,0.447,,4.8628,254.0,17.6,4.16,young,low
,40.0,6.41,0.0,0.447,6.482,4.1403,254.0,17.6,7.19,middle-aged,low
0.21038,20.0,3.33,0.0,0.4429,6.812,4.1007,216.0,14.9,4.85,middle-aged,medium
,20.0,3.33,0.0,0.4429,,,216.0,14.9,3.76,old,medium
0.03705,20.0,3.33,0.0,0.4429,6.968,5.2447,216.0,14.9,4.59,middle-aged,medium
0.06129,20.0,3.33,1.0,,7.645,5.2119,216.0,14.9,3.01,middle-aged,medium
0.01501,90.0,1.21,1.0,0.401,7.923,5.885,198.0,13.6,3.16,young,low
0.00906,90.0,2.97,0.0,0.4,7.088,7.3073,285.0,15.3,7.85,young,low
0.01096,55.0,2.25,0.0,0.389,6.453,,300.0,15.3,8.23,middle-aged,low
0.01965,80.0,1.76,,0.385,6.23,9.0892,241.0,18.2,12.93,,low
0.03871,52.5,5.32,0.0,0.405,6.209,7.3172,293.0,16.6,7.14,middle-aged,
0.0459,52.5,5.32,,0.405,6.315,7.3172,293.0,16.6,7.6,middle-aged,medium
0.04297,,,0.0,0.405,6.565,7.3172,293.0,16.6,,,medium
,,4.95,0.0,,6.861,5.1167,245.0,,3.33,young,low
0.07886,80.0,4.95,0.0,0.411,7.148,5.1167,245.0,19.2,3.56,young,
0.03615,80.0,4.95,0.0,0.411,6.63,5.1167,245.0,19.2,4.7,,low
,0.0,13.92,0.0,0.437,6.127,5.5027,289.0,16.0,8.58,young,
0.08199,0.0,13.92,0.0,0.437,6.009,5.5027,289.0,16.0,10.4,middle-aged,low
0.12932,0.0,13.92,0.0,0.437,6.678,5.9604,289.0,16.0,6.27,middle-aged,
0.05372,0.0,,0.0,0.437,6.549,5.9604,289.0,16.0,7.39,middle-aged,low
0.14103,0.0,13.92,0.0,0.437,5.79,6.32,289.0,16.0,15.84,middle-aged,low
,70.0,,0.0,0.4,6.345,7.8278,358.0,14.8,4.97,young,
0.05561,70.0,2.24,0.0,0.4,,7.8278,358.0,14.8,4.74,,medium
0.04417,70.0,2.24,0.0,0.4,,7.8278,358.0,14.8,6.07,middle-aged,medium
0.03537,34.0,6.09,0.0,0.433,6.59,5.4917,,16.1,9.5,middle-aged,medium
0.09266,34.0,6.09,0.0,,6.495,5.4917,329.0,16.1,,young,medium
0.1,34.0,6.09,0.0,0.433,6.982,,329.0,16.1,4.86,,medium
0.05515,33.0,2.18,0.0,,7.236,4.022,222.0,,6.93,middle-aged,medium
0.05479,33.0,2.18,0.0,0.472,6.616,3.37,222.0,18.4,8.93,middle-aged,medium
0.07503,33.0,2.18,0.0,0.472,,,222.0,18.4,6.47,old,medium
0.04932,33.0,2.18,0.0,0.472,6.849,3.1827,222.0,,7.53,old,medium
0.49298,,9.9,0.0,0.544,6.635,3.3175,304.0,18.4,4.54,old,low
0.3494,0.0,9.9,,0.544,,3.1025,304.0,18.4,9.97,old,low
2.63548,0.0,9.9,0.0,0.544,4.973,2.5194,304.0,18.4,12.64,middle-aged,low
,0.0,9.9,0.0,0.544,6.122,,304.0,18.4,5.98,middle-aged,low
0.26169,0.0,9.9,0.0,0.544,6.023,2.834,304.0,18.4,11.72,old,
0.26938,0.0,9.9,0.0,0.544,6.266,,304.0,18.4,7.9,old,low
0.3692,0.0,9.9,0.0,0.544,6.567,3.6023,304.0,18.4,9.28,old,low
,0.0,,0.0,0.544,5.705,3.945,304.0,,11.5,old,low
,0.0,9.9,0.0,0.544,5.914,3.9986,304.0,18.4,18.33,old,low
0.24522,0.0,9.9,0.0,0.544,5.782,4.0317,304.0,18.4,15.94,old,low
0.40202,0.0,9.9,0.0,0.544,6.382,3.5325,304.0,18.4,10.36,old,low
,0.0,9.9,0.0,0.544,6.113,4.0019,304.0,18.4,12.73,middle-aged,low
0.1676,0.0,7.38,0.0,0.493,6.426,4.5404,287.0,,7.2,middle-aged,medium
0.18159,0.0,,0.0,0.493,6.376,4.5404,287.0,19.6,6.87,middle-aged,medium
0.35114,0.0,7.38,0.0,0.493,,4.7211,287.0,19.6,7.7,middle-aged,medium
,0.0,7.38,0.0,0.493,5.708,,287.0,19.6,11.74,old,medium
0.34109,0.0,7.38,0.0,0.493,6.415,,287.0,19.6,,middle-aged,medium
0.19186,0.0,7.38,,0.493,6.431,5.4159,287.0,,,young,medium
0.30347,,7.38,0.0,0.493,6.312,5.4159,287.0,19.6,6.15,,medium
0.24103,0.0,7.38,0.0,0.493,6.083,5.4159,287.0,19.6,12.79,middle-aged,medium
0.06617,0.0,3.24,0.0,0.46,5.868,5.2146,430.0,16.9,9.97,young,low
0.06724,0.0,3.24,0.0,0.46,6.333,5.2146,430.0,16.9,7.34,,low
,0.0,3.24,0.0,0.46,6.144,,,16.9,9.09,middle-aged,low
0.05023,35.0,6.06,0.0,0.4379,5.706,6.6407,304.0,16.9,12.43,young,low
0.03466,35.0,6.06,0.0,0.4379,6.031,6.6407,304.0,,7.83,young,low
0.05083,0.0,5.19,0.0,,6.316,6.4584,224.0,20.2,5.68,middle-aged,
0.03738,0.0,5.19,0.0,0.515,6.31,6.4584,224.0,20.2,6.75,middle-aged,medium
0.03961,0.0,5.19,,0.515,6.037,5.9853,224.0,20.2,,middle-aged,medium
0.03427,0.0,5.19,0.0,,,5.2311,,20.2,9.8,middle-aged,
0.03041,0.0,5.19,0.0,0.515,5.895,5.615,224.0,20.2,10.56,middle-aged,
0.03306,0.0,5.19,,0.515,6.059,4.8122,224.0,20.2,,middle-aged,medium
0.05497,0.0,5.19,0.0,0.515,5.985,4.8122,224.0,20.2,9.74,middle-aged,medium
0.06151,0.0,5.19,0.0,0.515,5.968,4.8122,224.0,20.2,9.29,middle-aged,medium
0.01301,35.0,,0.0,0.442,7.241,7.0379,284.0,15.5,,middle-aged,low
0.02498,0.0,1.89,0.0,0.518,6.54,,422.0,15.9,8.65,middle-aged,low
0.02543,55.0,3.78,0.0,0.484,6.696,5.7321,370.0,17.6,7.18,middle-aged,medium
0.03049,55.0,3.78,0.0,0.484,6.874,6.4654,370.0,,4.61,young,medium
0.03113,0.0,4.39,0.0,0.442,6.014,8.0136,352.0,18.8,10.53,middle-aged,low
0.06162,0.0,4.39,,0.442,5.898,8.0136,,18.8,12.67,middle-aged,low
0.0187,85.0,4.15,0.0,0.429,6.516,8.5353,351.0,17.9,6.36,young,low
0.01501,80.0,2.01,0.0,0.435,6.635,,280.0,17.0,5.99,young,low
0.02899,40.0,1.25,0.0,0.429,6.939,8.7921,335.0,19.7,5.89,middle-aged,low
0.06211,40.0,1.25,0.0,0.429,6.49,8.7921,335.0,19.7,5.98,middle-aged,low
0.0795,60.0,1.69,0.0,0.411,6.579,10.7103,411.0,,5.49,middle-aged,low
0.07244,60.0,1.69,0.0,0.411,5.884,10.7103,411.0,18.3,7.79,young,low
0.01709,90.0,2.02,0.0,0.41,6.728,12.1265,187.0,,4.5,middle-aged,
0.04301,80.0,1.91,0.0,0.413,5.663,10.5857,,22.0,8.05,young,low
0.10659,80.0,1.91,,0.413,5.936,10.5857,,,5.57,young,low
8.98296,0.0,18.1,1.0,0.77,6.212,2.1222,666.0,20.2,17.6,old,high
3.8497,0.0,18.1,1.0,0.77,,,,20.2,13.27,old,high
5.20177,0.0,18.1,1.0,0.77,6.127,2.7227,666.0,20.2,11.48,old,high
4.26131,0.0,18.1,0.0,0.77,6.112,2.5091,666.0,20.2,12.67,old,high
,0.0,18.1,0.0,0.77,,2.5182,666.0,,7.79,old,high
3.83684,0.0,18.1,0.0,0.77,6.251,2.2955,666.0,20.2,14.19,old,high
3.67822,0.0,18.1,0.0,0.77,5.362,2.1036,666.0,20.2,10.19,old,high
4.22239,0.0,18.1,1.0,,5.803,1.9047,,20.2,14.64,old,
3.47428,0.0,18.1,1.0,0.718,8.78,1.9047,666.0,20.2,5.29,old,high
4.55587,0.0,,0.0,0.718,3.561,1.6132,666.0,20.2,7.12,old,high
3.69695,0.0,18.1,0.0,0.718,4.963,1.7523,666.0,20.2,,old,high
13.5222,0.0,18.1,0.0,0.631,3.863,1.5106,666.0,20.2,13.33,old,high
4.89822,0.0,18.1,0.0,0.631,4.97,1.3325,,20.2,3.26,old,high
5.66998,0.0,18.1,1.0,0.631,6.683,1.3567,666.0,20.2,3.73,old,high
,0.0,18.1,1.0,0.631,7.016,,666.0,20.2,2.96,old,high
9.2323,0.0,18.1,0.0,0.631,,1.1691,666.0,20.2,9.53,old,high
8.26725,0.0,,1.0,0.668,5.875,1.1296,666.0,20.2,8.88,old,high
11.1081,0.0,18.1,,0.668,4.906,1.1742,666.0,,34.77,old,
18.4982,0.0,18.1,0.0,0.668,4.138,1.137,666.0,20.2,37.97,,high
19.6091,0.0,18.1,0.0,0.671,,1.3163,666.0,20.2,13.44,old,high
15.288,0.0,18.1,0.0,0.671,6.649,1.3449,666.0,20.2,23.24,,high
9.82349,0.0,18.1,0.0,0.671,6.794,1.358,666.0,20.2,21.24,old,high
23.6482,0.0,18.1,0.0,0.671,6.38,1.3861,666.0,20.2,23.69,old,high
17.8667,0.0,18.1,0.0,0.671,6.223,1.3861,666.0,20.2,21.78,old,high
88.9762,0.0,18.1,0.0,0.671,6.968,1.4165,666.0,20.2,17.21,old,high
15.8744,0.0,18.1,0.0,0.671,,1.5192,666.0,20.2,21.08,old,high
9.18702,0.0,18.1,0.0,0.7,5.536,1.5804,666.0,20.2,23.6,old,high
7.99248,0.0,18.1,0.0,0.7,5.52,,666.0,20.2,24.56,old,high
20.0849,0.0,,,0.7,4.368,,666.0,20.2,30.63,old,high
16.8118,0.0,18.1,0.0,0.7,5.277,1.4261,666.0,20.2,30.81,old,high
24.3938,0.0,18.1,0.0,0.7,4.652,1.4672,666.0,20.2,28.28,old,high
22.5971,,18.1,0.0,0.7,5.0,1.5184,,20.2,31.99,old,high
14.3337,0.0,18.1,0.0,0.7,4.88,1.5895,666.0,20.2,30.62,old,high
8.15174,0.0,18.1,0.0,0.7,5.39,1.7281,666.0,20.2,20.85,old,high
6.96215,0.0,18.1,0.0,,5.713,1.9265,666.0,,17.11,old,high
5.29305,0.0,18.1,0.0,0.7,6.051,2.1678,666.0,20.2,18.76,old,high
11.5779,0.0,18.1,0.0,0.7,5.036,,666.0,20.2,25.68,old,high
8.64476,0.0,18.1,0.0,0.693,,,666.0,,15.17,old,high
,0.0,18.1,0.0,0.693,5.887,1.7821,666.0,20.2,,old,high
8.71675,0.0,18.1,0.0,0.693,6.471,1.7257,666.0,20.2,17.12,,high
5.87205,0.0,18.1,0.0,0.693,6.405,1.6768,666.0,20.2,19.37,old,high
7.67202,0.0,18.1,,0.693,5.747,1.6334,666.0,,19.92,old,high
,0.0,18.1,0.0,0.693,5.453,1.4896,666.0,20.2,,old,
9.91655,,,0.0,,5.852,1.5004,666.0,20.2,29.97,old,high
25.0461,,18.1,0.0,0.693,5.987,1.5888,666.0,20.2,26.77,old,high
14.2362,0.0,18.1,0.0,0.693,6.343,1.5741,666.0,,20.32,old,high
9.59571,0.0,18.1,,0.693,6.404,1.639,666.0,20.2,20.31,old,high
,0.0,18.1,,0.693,5.349,1.7028,666.0,20.2,19.77,old,
41.5292,0.0,18.1,0.0,0.693,5.531,1.6074,666.0,20.2,27.38,old,high
67.9208,,18.1,0.0,0.693,5.683,1.4254,666.0,20.2,22.98,old,high
20.7162,0.0,18.1,0.0,0.659,4.138,1.1781,666.0,20.2,,old,high
11.9511,0.0,18.1,0.0,0.659,5.608,1.2852,666.0,20.2,,old,high
7.40389,0.0,18.1,0.0,,5.617,1.4547,666.0,20.2,26.4,old,high
14.4383,,18.1,0.0,,6.852,1.4655,666.0,20.2,19.78,old,high
51.1358,0.0,18.1,0.0,0.597,5.757,1.413,666.0,20.2,10.11,,high
14.0507,0.0,18.1,0.0,0.597,6.657,1.5275,666.0,,21.22,old,high
18.811,0.0,18.1,0.0,0.597,,1.5539,666.0,,34.37,,high
,0.0,18.1,0.0,0.597,5.155,1.5894,666.0,20.2,20.08,old,high
45.7461,0.0,18.1,0.0,0.693,4.519,1.6582,666.0,20.2,36.98,old,high
18.0846,0.0,18.1,0.0,0.679,,1.8347,666.0,20.2,29.05,old,high
,0.0,18.1,0.0,0.679,,1.8195,666.0,20.2,25.79,old,high
25.9406,0.0,18.1,0.0,0.679,5.304,1.6475,666.0,20.2,26.64,old,high
73.5341,0.0,18.1,0.0,0.679,5.957,1.8026,666.0,20.2,20.62,old,high
,0.0,18.1,0.0,0.718,6.824,1.794,666.0,20.2,22.74,old,high
,0.0,18.1,,0.718,6.411,1.8589,666.0,20.2,15.02,old,high
7.02259,0.0,,0.0,0.718,6.006,1.8746,666.0,20.2,15.7,old,high
12.0482,0.0,18.1,0.0,0.614,5.648,1.9512,666.0,20.2,14.1,old,high
7.05042,0.0,18.1,0.0,0.614,6.103,2.0218,666.0,20.2,23.29,old,high
,0.0,18.1,0.0,,5.565,2.0635,666.0,20.2,17.16,old,high
,,18.1,,0.679,5.896,1.9096,666.0,20.2,24.39,old,high
12.2472,0.0,18.1,0.0,0.584,5.837,1.9976,666.0,20.2,,middle-aged,high
37.6619,0.0,18.1,0.0,0.679,6.202,1.8629,666.0,20.2,14.52,old,high
,0.0,18.1,0.0,0.679,6.193,1.9356,666.0,20.2,21.52,old,high
9.33889,0.0,18.1,0.0,0.679,,1.9682,666.0,20.2,24.08,old,
8.49213,0.0,18.1,0.0,0.584,6.348,2.0527,666.0,20.2,17.64,old,high
10.0623,0.0,18.1,0.0,0.584,6.833,2.0882,666.0,20.2,19.69,old,high
6.44405,0.0,18.1,0.0,0.584,6.425,,666.0,20.2,12.03,old,high
5.58107,0.0,18.1,0.0,,6.436,,666.0,20.2,16.22,old,high
13.9134,,18.1,0.0,0.713,6.208,2.2222,666.0,20.2,15.17,old,high
11.1604,0.0,,0.0,0.74,6.629,2.1247,666.0,20.2,23.27,old,high
14.4208,0.0,18.1,0.0,0.74,6.461,2.0026,666.0,20.2,18.05,old,high
,0.0,18.1,0.0,0.74,6.152,1.9142,666.0,20.2,26.45,old,high
,0.0,18.1,0.0,0.74,5.935,1.8206,666.0,20.2,34.02,old,high
,0.0,18.1,0.0,,5.627,1.8172,666.0,20.2,22.88,old,high
22.0511,,18.1,0.0,0.74,5.818,1.8662,666.0,,22.11,old,high
9.72418,0.0,18.1,,0.74,6.406,2.0651,666.0,20.2,19.52,old,high
5.66637,0.0,18.1,0.0,0.74,6.219,2.0048,666.0,20.2,16.59,old,high
9.96654,,18.1,,0.74,6.485,1.9784,666.0,20.2,18.85,old,high
,0.0,18.1,,0.74,5.854,1.8956,666.0,,23.79,old,high
10.6718,0.0,18.1,0.0,,6.459,1.9879,666.0,20.2,23.98,old,high
6.28807,0.0,18.1,0.0,0.74,,2.072,,20.2,17.79,old,high
9.92485,0.0,18.1,0.0,,6.251,2.198,666.0,20.2,16.44,old,high
9.32909,,18.1,0.0,0.713,6.185,,666.0,20.2,18.13,,high
7.52601,0.0,18.1,0.0,0.713,6.417,,666.0,20.2,19.31,old,high
6.71772,0.0,18.1,0.0,0.713,6.749,2.3236,,20.2,17.44,old,
5.44114,0.0,18.1,0.0,0.713,6.655,2.3552,666.0,20.2,17.73,old,high
5.09017,0.0,18.1,0.0,0.713,6.297,2.3682,,20.2,17.27,old,high
8.24809,0.0,18.1,0.0,0.713,7.393,2.4527,666.0,,16.74,,high
,0.0,18.1,0.0,0.713,6.728,,666.0,20.2,18.71,old,high
4.75237,0.0,18.1,0.0,0.713,6.525,2.4358,666.0,20.2,18.13,old,high
4.66883,0.0,18.1,0.0,,5.976,2.5806,666.0,20.2,19.01,old,high
8.20058,0.0,18.1,0.0,0.713,5.936,2.7792,666.0,20.2,16.94,old,high
7.75223,0.0,18.1,0.0,0.713,6.301,2.7831,,20.2,16.23,old,high
6.80117,0.0,18.1,0.0,0.713,6.081,2.7175,666.0,,,old,high
4.81213,0.0,18.1,0.0,0.713,6.701,2.5975,666.0,20.2,,old,high
3.69311,0.0,18.1,0.0,0.713,6.376,2.5671,666.0,20.2,14.65,old,high
6.65492,0.0,18.1,0.0,0.713,6.317,2.7344,666.0,20.2,13.99,old,high
5.82115,0.0,18.1,,0.713,6.513,2.8016,666.0,20.2,10.29,old,high
7.83932,0.0,18.1,0.0,0.655,6.209,2.9634,666.0,20.2,13.22,old,high
3.1636,0.0,,0.0,,,3.0665,666.0,,14.13,middle-aged,high
3.77498,0.0,,0.0,0.655,5.952,2.8715,666.0,20.2,17.15,old,high
4.42228,0.0,18.1,,0.584,6.003,2.5403,666.0,20.2,21.32,old,
15.5757,0.0,18.1,0.0,0.58,5.926,2.9084,666.0,20.2,18.13,old,high
13.0751,0.0,18.1,0.0,0.58,5.713,2.8237,666.0,,14.76,middle-aged,high
4.34879,0.0,18.1,0.0,0.58,6.167,3.0334,666.0,20.2,16.29,,high
4.03841,0.0,18.1,0.0,0.532,6.229,3.0993,666.0,20.2,12.87,old,high
,0.0,18.1,,0.58,6.437,2.8965,666.0,20.2,14.36,old,high
4.64689,0.0,18.1,0.0,,6.98,2.5329,666.0,20.2,11.66,old,high
8.05579,0.0,18.1,0.0,0.584,5.427,2.4298,666.0,20.2,18.14,old,
6.39312,0.0,18.1,0.0,0.584,6.162,2.206,,20.2,,old,high
4.87141,0.0,18.1,0.0,0.614,6.484,,666.0,20.2,18.68,old,high
15.0234,0.0,18.1,0.0,0.614,5.304,2.1007,666.0,20.2,24.91,old,high
10.233,0.0,18.1,0.0,0.614,6.185,2.1705,666.0,20.2,18.03,old,
14.3337,0.0,18.1,0.0,0.614,6.229,1.9512,666.0,20.2,13.11,old,high
5.82401,0.0,,0.0,0.532,6.242,3.4242,666.0,20.2,10.74,old,
,0.0,18.1,0.0,0.532,6.75,3.3317,666.0,,7.74,old,high
5.73116,0.0,18.1,0.0,0.532,7.061,3.4106,666.0,20.2,7.01,old,high
2.81838,0.0,18.1,0.0,0.532,5.762,4.0983,666.0,20.2,10.42,middle-aged,high
2.37857,0.0,18.1,,0.583,5.871,3.724,666.0,20.2,13.34,middle-aged,high
,0.0,18.1,0.0,,6.312,3.9917,,20.2,10.58,middle-aged,high
5.69175,0.0,18.1,0.0,0.583,6.114,3.5459,666.0,20.2,14.98,old,high
4.83567,0.0,18.1,0.0,0.583,5.905,3.1523,666.0,20.2,,middle-aged,high
0.15086,0.0,27.74,0.0,,5.454,1.8209,711.0,20.1,18.06,old,low
0.18337,0.0,27.74,0.0,0.609,5.414,1.7554,711.0,20.1,23.97,old,low
0.20746,0.0,27.74,0.0,0.609,5.093,1.8226,711.0,20.1,,old,low
0.10574,0.0,27.74,0.0,0.609,5.983,1.8681,711.0,20.1,,,low
,,27.74,0.0,0.609,5.983,2.1099,711.0,20.1,,old,low
0.17331,0.0,9.69,0.0,0.585,5.707,2.3817,391.0,19.2,12.01,middle-aged,medium
0.27957,0.0,9.69,0.0,0.585,5.926,,391.0,19.2,13.59,middle-aged,medium
0.17899,0.0,9.69,0.0,0.585,5.67,,391.0,19.2,17.6,young,medium
0.2896,0.0,9.69,0.0,0.585,,2.7986,391.0,19.2,21.14,,medium
0.26838,0.0,9.69,0.0,0.585,5.794,2.8927,391.0,19.2,14.1,old,
0.23912,0.0,,0.0,0.585,6.019,,391.0,19.2,12.92,old,medium
0.17783,0.0,,0.0,0.585,,2.3999,391.0,19.2,15.1,old,medium
0.22438,0.0,9.69,0.0,0.585,6.027,2.4982,391.0,,14.33,old,medium
0.06263,0.0,11.93,0.0,0.573,6.593,2.4786,273.0,21.0,9.67,old,low
0.04527,0.0,11.93,0.0,0.573,6.12,2.2875,273.0,21.0,9.08,old,low
0.06076,0.0,11.93,0.0,0.573,6.976,2.1675,273.0,21.0,5.64,old,low
0.10959,,11.93,0.0,0.573,6.794,2.3889,273.0,21.0,6.48,old,low
,0.0,11.93,0.0,0.573,6.03,2.505,,,7.88,old,low
