dog.10985.jpg,2,622
dog.11492.jpg,182,65
dog.12388.jpg,253,4135
dog.12283.jpg,4,2822
dog.11193.jpg,1954,2678
dog.11368.jpg,452,5292
dog.12035.jpg,1124,273
dog.1017.jpg,1122,2715
dog.11545.jpg,831,3561
dog.11033.jpg,220,965
dog.11012.jpg,1595,3451
dog.1623.jpg,940,3904
dog.1219.jpg,1763,1753
dog.10290.jpg,1011,510
dog.10815.jpg,380,2801
dog.11564.jpg,4062,917
dog.10450.jpg,1064,699
dog.11390.jpg,156,907
dog.1151.jpg,291,4887
dog.11470.jpg,1257,177
dog.11498.jpg,392,4504
dog.12343.jpg,1159,2391
dog.11914.jpg,457,2326
dog.11090.jpg,850,1842
dog.12207.jpg,1842,610
dog.10114.jpg,169,4529
dog.11143.jpg,4825,111
dog.10225.jpg,3481,2647
dog.11401.jpg,1612,662
dog.1101.jpg,957,833
dog.11800.jpg,2146,2011
dog.1523.jpg,2926,473
dog.11882.jpg,1805,1416
dog.10002.jpg,286,1321
dog.12201.jpg,387,308
dog.12131.jpg,2161,162
dog.12321.jpg,536,2965
dog.1608.jpg,1249,4947
dog.1463.jpg,1965,2639
dog.11648.jpg,1944,319
dog.11755.jpg,4279,232
dog.11339.jpg,3385,2320
dog.10566.jpg,1423,555
dog.11366.jpg,2148,2353
dog.12357.jpg,66,2111
dog.1222.jpg,1809,2091
dog.11241.jpg,28,140
dog.1542.jpg,477,3794
dog.10962.jpg,1379,3902
dog.12099.jpg,3328,1079
dog.12135.jpg,1545,2018
dog.11727.jpg,3573,144
dog.10779.jpg,1854,3276
dog.10294.jpg,150,1060
dog.12386.jpg,461,860
dog.10351.jpg,746,1162
dog.12331.jpg,921,4192
dog.1023.jpg,875,904
dog.11541.jpg,5897,1
dog.11573.jpg,864,1522
dog.11926.jpg,4,1917
dog.11944.jpg,1,738
dog.11608.jpg,4307,416
dog.12305.jpg,334,310
dog.11469.jpg,131,1003
dog.10872.jpg,824,1175
dog.10809.jpg,168,3502
dog.1278.jpg,1693,942
dog.10678.jpg,1223,3417
dog.11670.jpg,1170,1501
dog.1387.jpg,1063,3242
dog.10511.jpg,2672,2622
dog.10454.jpg,1330,1342
dog.11602.jpg,965,2342
dog.10426.jpg,2434,3753
dog.11285.jpg,271,3149
dog.11431.jpg,245,2868
dog.10857.jpg,1,1034
dog.1648.jpg,5,2886
dog.11675.jpg,1210,1932
dog.11907.jpg,10,825
dog.10666.jpg,65,2317
dog.11599.jpg,141,4216
dog.1636.jpg,2971,186
dog.10533.jpg,1139,877
dog.11938.jpg,501,6555
dog.10222.jpg,2590,4868
dog.1560.jpg,2572,921
dog.11979.jpg,1480,167
dog.11013.jpg,184,839
dog.11144.jpg,21,2509
dog.11311.jpg,822,2567
dog.11219.jpg,1506,851
dog.11693.jpg,702,3046
dog.11780.jpg,2252,541
dog.10743.jpg,572,2539
dog.1200.jpg,0,6943
dog.12263.jpg,1130,3028
dog.1515.jpg,540,2043
dog.1449.jpg,1490,2997
dog.12043.jpg,2540,2491
dog.1224.jpg,644,1339
dog.10518.jpg,115,1273
dog.11562.jpg,310,649
dog.11606.jpg,1605,1133
dog.1006.jpg,2459,2256
dog.11636.jpg,1585,4843
dog.1616.jpg,853,3070
dog.1125.jpg,157,5526
dog.1575.jpg,3029,1256
dog.12042.jpg,964,714
dog.12406.jpg,1985,1769
dog.1284.jpg,833,291
dog.1541.jpg,4109,20
dog.1533.jpg,231,868
dog.1403.jpg,1609,2200
dog.10741.jpg,845,2457
dog.10909.jpg,2317,653
dog.10546.jpg,4867,820
dog.12433.jpg,639,736
dog.10423.jpg,1510,0
dog.12152.jpg,980,4721
dog.1194.jpg,2076,3212
dog.10903.jpg,5988,987
dog.12436.jpg,2,6263
dog.11423.jpg,548,2903
dog.10194.jpg,5169,761
dog.11754.jpg,763,6500
dog.1594.jpg,544,224
dog.10679.jpg,15,3420
dog.10505.jpg,159,403
dog.11208.jpg,1111,211
dog.11777.jpg,42,6441
dog.1201.jpg,587,1186
dog.12184.jpg,1525,2412
dog.10082.jpg,1806,1607
dog.10138.jpg,2037,2883
dog.10288.jpg,1129,2555
dog.11444.jpg,291,3746
dog.10134.jpg,382,1697
dog.10298.jpg,411,1717
dog.10369.jpg,3496,459
dog.11861.jpg,1589,590
dog.12304.jpg,418,1416
dog.11787.jpg,884,725
dog.1600.jpg,229,2928
dog.1166.jpg,5810,1402
dog.12095.jpg,2192,2577
dog.10051.jpg,342,3822
dog.12312.jpg,4396,1414
dog.11037.jpg,1561,3230
dog.1333.jpg,5971,65
dog.1439.jpg,1180,3682
dog.11058.jpg,720,2820
dog.11820.jpg,963,1954
dog.12272.jpg,627,1255
dog.1239.jpg,986,1334
dog.10976.jpg,1590,518
dog.10878.jpg,666,2135
dog.1402.jpg,484,3704
dog.11662.jpg,1078,392
dog.10750.jpg,1388,3043
dog.11370.jpg,672,3034
dog.1567.jpg,515,2812
dog.10245.jpg,736,2902
dog.12252.jpg,4063,1756
dog.11678.jpg,3391,1469
dog.11879.jpg,1035,6068
dog.11468.jpg,1060,4776
dog.11936.jpg,2372,1099
dog.11667.jpg,5214,3740
dog.1268.jpg,24,977
dog.10250.jpg,2690,3961
dog.1486.jpg,2238,1479
dog.1159.jpg,2061,1617
dog.10835.jpg,966,309
dog.11081.jpg,402,5052
dog.11957.jpg,2077,3766
dog.11046.jpg,460,2979
dog.11920.jpg,162,4104
dog.10490.jpg,647,1225
dog.10417.jpg,555,1556
dog.1074.jpg,1000,184
dog.10579.jpg,3465,1378
dog.1535.jpg,1238,183
dog.10597.jpg,1973,71
dog.10072.jpg,3150,249
dog.1252.jpg,380,4339
dog.11153.jpg,6,1559
dog.11061.jpg,108,3902
dog.11222.jpg,492,2117
dog.12067.jpg,2386,1671
dog.11319.jpg,614,293
dog.10405.jpg,455,1133
dog.1539.jpg,2276,4808
dog.12267.jpg,609,3513
dog.11669.jpg,3514,1314
dog.1339.jpg,713,880
dog.11581.jpg,0,2113
dog.11737.jpg,729,903
dog.10715.jpg,138,2347
dog.10156.jpg,1606,129
dog.12389.jpg,2064,1554
dog.1453.jpg,108,3498
dog.10575.jpg,702,3370
dog.11188.jpg,124,379
dog.10587.jpg,1916,482
dog.11146.jpg,376,3263
dog.10553.jpg,3061,3414
dog.11491.jpg,49,3356
dog.11642.jpg,51,690
dog.12085.jpg,789,5007
dog.10221.jpg,811,1538
dog.12340.jpg,2325,631
dog.1096.jpg,439,538
dog.1530.jpg,3739,2673
dog.10100.jpg,733,2273
dog.12000.jpg,3169,3237
dog.11190.jpg,1325,73
dog.11154.jpg,445,1419
dog.12480.jpg,276,5792
dog.10121.jpg,1312,2728
dog.12395.jpg,857,4178
dog.12341.jpg,3538,4315
dog.11839.jpg,805,2014
dog.11908.jpg,1533,2732
dog.10730.jpg,263,1466
dog.149.jpg,1105,714
dog.1082.jpg,1678,2145
dog.10619.jpg,711,1881
dog.12120.jpg,991,991
dog.11071.jpg,608,2658
dog.11845.jpg,4642,0
dog.1348.jpg,78,678
dog.10381.jpg,1771,2924
dog.12069.jpg,1145,1362
dog.10425.jpg,2771,3456
dog.11345.jpg,1350,2053
dog.11112.jpg,508,1575
dog.11024.jpg,748,1264
dog.12419.jpg,5905,227
dog.1079.jpg,1544,684
dog.123.jpg,3873,752
dog.12026.jpg,1621,1780
dog.10542.jpg,979,1388
dog.10762.jpg,2176,228
dog.1437.jpg,1281,896
dog.10180.jpg,2215,2814
dog.10530.jpg,303,1725
dog.11261.jpg,167,2304
dog.11202.jpg,449,2452
dog.11603.jpg,1242,2098
dog.11371.jpg,961,1194
dog.12098.jpg,724,4658
dog.11155.jpg,3511,3056
dog.1137.jpg,511,3426
dog.10083.jpg,678,14
dog.10884.jpg,1674,2711
dog.11076.jpg,3686,1254
dog.10280.jpg,1904,3224
dog.10380.jpg,222,622
dog.12287.jpg,96,3522
dog.12029.jpg,383,4119
dog.10543.jpg,996,1989
dog.10945.jpg,502,3657
dog.11110.jpg,660,1574
dog.11109.jpg,897,5152
dog.124.jpg,1247,4326
dog.11466.jpg,1991,157
dog.11880.jpg,20,687
dog.1331.jpg,890,4463
dog.1198.jpg,301,1358
dog.12212.jpg,573,1780
dog.10384.jpg,1611,177
dog.12007.jpg,1680,631
dog.10688.jpg,1130,1205
dog.1400.jpg,80,1046
dog.10783.jpg,3658,394
dog.10594.jpg,481,1507
dog.11221.jpg,41,1423
dog.11275.jpg,4809,146
dog.10858.jpg,2933,1953
dog.10413.jpg,3349,0
dog.10764.jpg,1168,2918
dog.12469.jpg,329,2655
dog.12289.jpg,3701,603
dog.10628.jpg,342,30
dog.11837.jpg,4161,3615
dog.10354.jpg,1210,912
dog.12234.jpg,128,81
dog.10538.jpg,4945,212
dog.11239.jpg,522,2342
dog.1073.jpg,1333,1557
dog.1643.jpg,1975,3120
dog.1460.jpg,309,130
dog.12466.jpg,509,2263
dog.10108.jpg,1664,821
dog.10074.jpg,2298,1245
dog.10706.jpg,0,1899
dog.1248.jpg,639,5048
dog.1398.jpg,746,5565
dog.11982.jpg,819,2712
dog.10408.jpg,65,774
dog.1472.jpg,1007,2102
dog.10125.jpg,1070,4367
dog.1116.jpg,1069,1756
dog.12141.jpg,0,4540
dog.10749.jpg,3122,1766
dog.11886.jpg,1192,4201
dog.11966.jpg,614,4257
dog.12483.jpg,986,4064
dog.11200.jpg,564,3049
dog.10559.jpg,205,1628
dog.11687.jpg,1524,4734
dog.1503.jpg,773,538
dog.12409.jpg,1186,2707
dog.10850.jpg,4867,77
dog.10692.jpg,3438,1
dog.11939.jpg,2653,494
dog.12443.jpg,247,3316
dog.12155.jpg,234,4055
dog.10983.jpg,328,2545
dog.10164.jpg,315,713
dog.1327.jpg,704,3032
dog.11088.jpg,2308,4352
dog.12151.jpg,280,396
dog.11475.jpg,2413,403
dog.10126.jpg,905,1282
dog.10466.jpg,1664,1235
dog.11440.jpg,3164,1076
dog.1110.jpg,1181,1905
dog.11129.jpg,300,859
dog.1483.jpg,733,1510
dog.11851.jpg,977,910
dog.1358.jpg,941,1431
dog.11575.jpg,1682,1445
dog.10713.jpg,1706,2549
dog.11881.jpg,673,563
dog.1316.jpg,97,128
dog.1303.jpg,1955,2228
dog.12370.jpg,2755,4
dog.1188.jpg,712,2653
dog.1144.jpg,2208,5201
dog.10921.jpg,107,5004
dog.1467.jpg,3058,1279
dog.1574.jpg,490,292
dog.1312.jpg,1097,3996
dog.1394.jpg,534,627
dog.11277.jpg,1157,3552
dog.1271.jpg,0,6544
dog.11093.jpg,85,6770
dog.11889.jpg,2754,409
dog.12394.jpg,796,1020
dog.10353.jpg,28,94
dog.12024.jpg,3,7009
dog.11398.jpg,6,6532
dog.12378.jpg,1289,1379
dog.12372.jpg,1261,57
dog.11698.jpg,379,5805
dog.10846.jpg,2075,1847
dog.1511.jpg,1347,2402
dog.10593.jpg,3570,1496
dog.12477.jpg,797,2979
dog.12241.jpg,1565,2293
dog.12071.jpg,685,1952
dog.1065.jpg,1790,43
dog.1628.jpg,577,971
dog.10751.jpg,3856,666
dog.1255.jpg,461,5747
dog.11376.jpg,3382,950
dog.11681.jpg,358,3140
dog.1002.jpg,1573,129
dog.12360.jpg,562,2496
dog.10643.jpg,87,362
dog.10793.jpg,1196,973
dog.12242.jpg,329,1198
dog.11481.jpg,656,743
dog.10217.jpg,36,3870
dog.11328.jpg,2237,2175
dog.1277.jpg,388,2553
dog.10128.jpg,965,401
dog.12032.jpg,97,1377
dog.11296.jpg,1077,863
dog.11107.jpg,113,2394
dog.12054.jpg,1439,3712
dog.10383.jpg,46,1724
dog.1399.jpg,808,1097
dog.10998.jpg,583,365
dog.11850.jpg,1877,1707
dog.136.jpg,399,905
dog.1518.jpg,477,4353
dog.10340.jpg,1046,459
dog.10591.jpg,1527,4312
dog.11367.jpg,4336,541
dog.10041.jpg,0,2898
dog.1054.jpg,4818,174
dog.10890.jpg,607,1267
dog.10608.jpg,733,2981
dog.11336.jpg,346,1961
dog.10568.jpg,1057,3780
dog.10512.jpg,1078,3526
dog.10639.jpg,6389,142
dog.1199.jpg,1594,2119
dog.10653.jpg,835,2571
dog.12235.jpg,147,1849
dog.1025.jpg,942,2360
dog.10610.jpg,2137,1191
dog.11890.jpg,2153,1632
dog.12145.jpg,49,1995
dog.11250.jpg,709,484
dog.10523.jpg,3116,2491
dog.1361.jpg,2015,956
dog.10263.jpg,1025,1829
dog.10771.jpg,0,5969
dog.1570.jpg,868,3544
dog.10032.jpg,165,1452
dog.10129.jpg,2905,1683
dog.11572.jpg,4039,482
dog.11172.jpg,837,1364
dog.11965.jpg,2197,1125
dog.11803.jpg,18,4589
dog.10658.jpg,2661,1767
dog.12173.jpg,2441,5807
dog.11645.jpg,32,2146
dog.11094.jpg,1298,5881
dog.1302.jpg,656,1673
dog.147.jpg,9,4684
dog.11811.jpg,1619,1789
dog.10565.jpg,1977,2464
dog.12367.jpg,4252,1916
dog.1433.jpg,903,854
dog.11014.jpg,606,537
dog.10289.jpg,942,3244
dog.12070.jpg,167,926
dog.10943.jpg,755,3604
dog.1480.jpg,2036,2543
dog.11467.jpg,2731,2034
dog.10740.jpg,1610,3074
dog.11108.jpg,283,2197
dog.10913.jpg,1127,3317
dog.10683.jpg,2530,3781
dog.10214.jpg,2,5147
dog.10852.jpg,734,1173
dog.10881.jpg,0,3502
dog.10602.jpg,404,270
dog.11233.jpg,251,6558
dog.12138.jpg,1175,2433
dog.11903.jpg,1173,4163
dog.10828.jpg,3738,2025
dog.10811.jpg,336,2440
dog.1584.jpg,551,1025
dog.11326.jpg,1960,2556
dog.12195.jpg,1111,1131
dog.1028.jpg,365,3028
dog.11147.jpg,420,2720
dog.1218.jpg,1752,1770
dog.10685.jpg,968,1146
dog.11399.jpg,3269,2456
dog.10299.jpg,996,2463
dog.10335.jpg,3221,1737
dog.12404.jpg,1710,2680
dog.11647.jpg,4604,3351
dog.11377.jpg,1175,3976
dog.11197.jpg,110,108
dog.1301.jpg,1040,3094
dog.10681.jpg,1722,4484
dog.10218.jpg,7,3064
dog.1349.jpg,1386,1890
dog.1179.jpg,712,334
dog.10690.jpg,3211,38
dog.10935.jpg,4,3945
dog.1425.jpg,1088,798
dog.10109.jpg,2556,829
dog.10969.jpg,1744,4009
dog.11474.jpg,619,3441
dog.11637.jpg,2077,87
dog.11664.jpg,3464,1747
dog.1409.jpg,889,2201
dog.10404.jpg,47,551
dog.1049.jpg,662,2484
dog.1551.jpg,351,647
dog.1489.jpg,4267,1216
dog.10907.jpg,2474,1352
dog.10345.jpg,729,2471
dog.12037.jpg,5870,0
dog.12295.jpg,1599,2343
dog.10070.jpg,261,3696
dog.10974.jpg,765,341
dog.10899.jpg,2200,2454
dog.10886.jpg,1168,2301
dog.10322.jpg,509,3997
dog.12137.jpg,681,1471
dog.10501.jpg,912,2711
dog.1577.jpg,1396,1653
dog.10283.jpg,631,2287
dog.103.jpg,631,3271
dog.10211.jpg,2839,1225
dog.11916.jpg,1464,3196
dog.11287.jpg,428,1184
dog.11346.jpg,721,0
dog.10489.jpg,1,1085
dog.1250.jpg,141,3106
dog.10256.jpg,3541,1807
dog.1622.jpg,0,8175
dog.10963.jpg,344,874
dog.11218.jpg,3274,69
dog.11577.jpg,1463,763
dog.1122.jpg,381,4816
dog.10853.jpg,816,3143
dog.12362.jpg,796,795
dog.10829.jpg,1549,5980
dog.10528.jpg,700,5987
dog.1231.jpg,1007,2970
dog.11934.jpg,1912,5807
dog.10885.jpg,1496,199
dog.11114.jpg,3735,812
dog.1161.jpg,6140,1243
dog.11316.jpg,156,1079
dog.11122.jpg,204,385
dog.10664.jpg,448,1113
dog.1177.jpg,222,3385
dog.12031.jpg,157,63
dog.11411.jpg,1180,3635
dog.12123.jpg,1969,1852
dog.1309.jpg,574,1493
dog.12444.jpg,3004,1707
dog.10508.jpg,680,1990
dog.12105.jpg,405,2558
dog.11529.jpg,305,273
dog.11035.jpg,3790,3125
dog.10168.jpg,0,7670
dog.1456.jpg,124,3363
dog.10154.jpg,1449,1383
dog.12273.jpg,873,2353
dog.10473.jpg,368,668
dog.1134.jpg,131,2643
dog.11347.jpg,285,2640
dog.10120.jpg,91,307
dog.10162.jpg,767,841
dog.12226.jpg,287,3583
dog.1466.jpg,1417,107
dog.1138.jpg,1839,523
dog.12481.jpg,2052,4532
dog.10034.jpg,1583,92
dog.10500.jpg,5234,717
dog.12418.jpg,3911,522
dog.10013.jpg,779,1683
dog.1396.jpg,64,459
dog.10436.jpg,2227,1457
dog.10572.jpg,149,4230
dog.12180.jpg,1704,2073
dog.11120.jpg,2,4701
dog.137.jpg,0,773
dog.12140.jpg,3061,1968
dog.11415.jpg,292,2222
dog.12327.jpg,484,3585
dog.10516.jpg,3739,241
dog.11494.jpg,1182,887
dog.10520.jpg,393,963
dog.11753.jpg,1,7325
dog.1566.jpg,2749,3046
dog.1356.jpg,140,3805
dog.10855.jpg,110,1351
dog.10624.jpg,3,5670
dog.11765.jpg,3216,3452
dog.12088.jpg,6280,1784
dog.11588.jpg,1881,1607
dog.12297.jpg,2827,3798
dog.1597.jpg,341,454
dog.1238.jpg,694,3382
dog.1158.jpg,1057,3280
dog.11941.jpg,582,256
dog.1031.jpg,1676,3683
dog.1064.jpg,277,635
dog.11742.jpg,410,570
dog.1012.jpg,1334,2752
dog.12392.jpg,473,705
dog.11314.jpg,248,3905
dog.10718.jpg,4907,1415
dog.10576.jpg,1598,3632
dog.10099.jpg,3553,715
dog.12093.jpg,1501,1430
dog.11086.jpg,782,392
dog.12376.jpg,1572,1938
dog.11220.jpg,3465,2422
dog.12176.jpg,1698,215
dog.10992.jpg,396,4421
dog.12398.jpg,870,2545
dog.11283.jpg,2223,3234
dog.1346.jpg,915,959
dog.11532.jpg,136,6185
dog.10801.jpg,636,2121
dog.11744.jpg,1711,927
dog.11840.jpg,1425,1003
dog.10758.jpg,2568,1700
dog.10133.jpg,248,3975
dog.12493.jpg,1805,1835
dog.159.jpg,559,6344
dog.10590.jpg,1742,2811
dog.11480.jpg,3859,2212
dog.1558.jpg,18,3953
dog.1376.jpg,1204,3735
dog.11924.jpg,1180,455
dog.11449.jpg,106,1736
dog.1378.jpg,1601,921
dog.11663.jpg,1749,2006
dog.10836.jpg,0,2356
dog.1645.jpg,2296,1570
dog.11782.jpg,2522,641
dog.11064.jpg,3157,4452
dog.12110.jpg,184,609
dog.12353.jpg,1091,4050
dog.1414.jpg,683,1636
dog.11864.jpg,795,4408
dog.163.jpg,5472,2182
dog.10390.jpg,167,4573
dog.1034.jpg,1604,997
dog.11984.jpg,785,1686
dog.11605.jpg,1844,4802
dog.10399.jpg,2551,443
dog.10529.jpg,5870,332
dog.12347.jpg,521,3343
dog.10358.jpg,1132,1747
dog.10723.jpg,2765,123
dog.11616.jpg,74,1876
dog.11883.jpg,1552,3313
dog.11382.jpg,3763,40
dog.12448.jpg,403,512
dog.10103.jpg,2465,1527
dog.11405.jpg,1496,1478
dog.12039.jpg,904,707
dog.11808.jpg,268,1318
dog.12393.jpg,533,1853
dog.12499.jpg,2420,1171
dog.12495.jpg,245,5354
dog.10227.jpg,1518,2946
dog.1097.jpg,512,5451
dog.11080.jpg,769,2701
dog.10854.jpg,1139,3582
dog.10780.jpg,2512,2034
dog.11496.jpg,402,2290
dog.11425.jpg,3437,649
dog.10912.jpg,1231,3969
dog.11292.jpg,1081,1338
dog.11289.jpg,2088,1824
dog.10445.jpg,1934,2939
dog.12422.jpg,3562,817
dog.10197.jpg,1188,4455
dog.10636.jpg,495,3384
dog.11586.jpg,9,528
dog.11268.jpg,5617,110
dog.12320.jpg,687,677
dog.10944.jpg,415,4101
dog.11286.jpg,843,732
dog.10841.jpg,1670,1064
dog.10776.jpg,1781,1064
dog.11922.jpg,3234,3274
dog.10142.jpg,250,2382
dog.12275.jpg,3111,2868
dog.11419.jpg,5226,1410
dog.10583.jpg,398,3426
dog.1587.jpg,1626,1256
dog.11552.jpg,1475,4631
dog.10438.jpg,1015,5392
dog.11404.jpg,1031,1697
dog.10210.jpg,868,1239
dog.10265.jpg,823,4377
dog.11555.jpg,2899,2646
dog.10349.jpg,906,661
dog.11629.jpg,445,3281
dog.1579.jpg,1691,1622
dog.11509.jpg,0,434
dog.1564.jpg,2140,2374
dog.11697.jpg,955,1462
dog.10650.jpg,1580,1594
dog.1341.jpg,1520,2750
dog.10498.jpg,2782,1717
dog.12260.jpg,21,4811
dog.1207.jpg,2306,1761
dog.10204.jpg,311,730
dog.10050.jpg,252,3480
dog.1611.jpg,1497,1640
dog.11497.jpg,1791,3795
dog.12379.jpg,1694,1387
dog.10882.jpg,2529,1649
dog.11135.jpg,1480,4778
dog.11427.jpg,524,1698
dog.1242.jpg,138,248
dog.1653.jpg,236,4645
dog.11464.jpg,993,1813
dog.10486.jpg,980,4242
dog.1562.jpg,2371,2530
dog.1614.jpg,6276,2327
dog.10203.jpg,2202,3157
dog.12308.jpg,150,4367
dog.12438.jpg,1463,588
dog.1274.jpg,2078,4913
dog.11540.jpg,1241,3504
dog.1186.jpg,2296,1446
dog.131.jpg,696,1574
dog.10496.jpg,126,4120
dog.12111.jpg,3590,4554
dog.11604.jpg,342,7179
dog.11898.jpg,1580,1992
dog.12402.jpg,334,2206
dog.1428.jpg,132,522
dog.11689.jpg,766,214
dog.11459.jpg,144,7036
dog.119.jpg,2463,1381
dog.11018.jpg,3144,952
dog.11341.jpg,1601,2785
dog.1627.jpg,732,2421
dog.12299.jpg,230,5508
dog.1128.jpg,3696,114
dog.1482.jpg,1861,1469
dog.11692.jpg,2002,1919
dog.11715.jpg,1227,2919
dog.10729.jpg,1342,1287
dog.11797.jpg,127,644
dog.12396.jpg,476,1192
dog.10213.jpg,30,4577
dog.11712.jpg,2563,1384
dog.10697.jpg,3720,553
dog.11256.jpg,2578,34
dog.11978.jpg,4834,1629
dog.10029.jpg,5821,394
dog.12147.jpg,2627,2925
dog.11923.jpg,466,1549
dog.1265.jpg,3207,2933
dog.1148.jpg,809,3884
dog.12249.jpg,994,892
dog.11044.jpg,914,2297
dog.1075.jpg,2891,893
dog.11443.jpg,2067,1089
dog.1192.jpg,1034,1227
dog.10902.jpg,536,2201
dog.12206.jpg,140,4704
dog.12062.jpg,916,770
dog.11150.jpg,948,2243
dog.10812.jpg,359,2228
dog.10064.jpg,1472,2983
dog.11764.jpg,474,4124
dog.10195.jpg,794,164
dog.10710.jpg,1757,6640
dog.10725.jpg,455,3601
dog.1328.jpg,593,4519
dog.11178.jpg,960,615
dog.10010.jpg,88,841
dog.10816.jpg,1209,468
dog.11904.jpg,1532,3197
dog.11327.jpg,534,612
dog.1630.jpg,2652,1120
dog.11884.jpg,595,2508
dog.11288.jpg,3083,915
dog.10324.jpg,1689,4456
dog.11574.jpg,610,1845
dog.11318.jpg,1191,5933
dog.10201.jpg,281,2203
dog.1203.jpg,194,5691
dog.10844.jpg,1495,1039
dog.1048.jpg,1857,1692
dog.10080.jpg,2510,4196
dog.12442.jpg,127,414
dog.12220.jpg,337,4797
dog.11357.jpg,304,672
dog.12298.jpg,177,3810
dog.12354.jpg,5190,2107
dog.12109.jpg,1041,1809
dog.10994.jpg,38,2240
dog.10422.jpg,636,4814
dog.10540.jpg,428,2153
dog.12194.jpg,5532,2514
dog.10709.jpg,514,2097
dog.10240.jpg,646,3858
dog.10703.jpg,994,2126
dog.11489.jpg,1604,1742
dog.10175.jpg,3578,2317
dog.10469.jpg,274,769
dog.11539.jpg,0,803
dog.1115.jpg,234,796
dog.11895.jpg,2362,1856
dog.11216.jpg,1607,3078
dog.10942.jpg,723,3090
dog.10784.jpg,1252,1376
dog.10343.jpg,3517,987
dog.10277.jpg,618,6856
dog.1624.jpg,154,3816
dog.1559.jpg,635,7859
dog.11983.jpg,480,2421
dog.1066.jpg,2299,2196
dog.10620.jpg,1481,2422
dog.11479.jpg,1604,2960
dog.1254.jpg,839,3518
dog.10712.jpg,694,310
dog.11063.jpg,1455,1411
dog.11940.jpg,2773,1617
dog.12204.jpg,56,223
dog.10734.jpg,66,6756
dog.12323.jpg,984,276
dog.10141.jpg,1421,1307
dog.12167.jpg,2940,1373
dog.12328.jpg,313,4453
dog.1011.jpg,1062,3676
dog.10364.jpg,1449,1895
dog.10756.jpg,694,1326
dog.10055.jpg,765,1960
dog.1431.jpg,979,1931
dog.113.jpg,1103,824
dog.10825.jpg,2517,3291
dog.1046.jpg,1,1119
dog.11763.jpg,2223,4166
dog.10344.jpg,2409,668
dog.1475.jpg,0,5349
dog.12412.jpg,390,1804
dog.1058.jpg,1405,274
dog.11388.jpg,1932,469
dog.10427.jpg,141,1278
dog.12103.jpg,1134,1194
dog.1243.jpg,341,151
dog.11069.jpg,1001,5284
dog.12233.jpg,75,1654
dog.12244.jpg,416,4539
dog.10837.jpg,1516,2091
dog.10224.jpg,4579,1562
dog.11482.jpg,87,2171
dog.12461.jpg,88,3785
dog.1384.jpg,1103,6232
dog.10063.jpg,281,2739
dog.1543.jpg,4,1301
dog.10525.jpg,2454,1325
dog.11514.jpg,917,645
dog.10760.jpg,555,1283
dog.1171.jpg,3355,914
dog.10416.jpg,1241,2718
dog.10805.jpg,2838,2286
dog.11905.jpg,86,2751
dog.11047.jpg,4898,0
dog.10014.jpg,32,2544
dog.10376.jpg,338,1518
dog.10866.jpg,2234,1077
dog.10424.jpg,1763,2943
dog.10389.jpg,102,1418
dog.1613.jpg,7,3791
dog.1440.jpg,1805,801
dog.11565.jpg,796,1083
dog.10107.jpg,1116,1855
dog.10230.jpg,4969,344
dog.11104.jpg,304,1063
dog.12189.jpg,2131,1791
dog.12008.jpg,2615,1877
dog.11174.jpg,217,3878
dog.11513.jpg,1168,2562
dog.1081.jpg,765,2137
dog.10249.jpg,728,1361
dog.11340.jpg,1352,1695
dog.12044.jpg,1239,679
dog.152.jpg,1731,3549
dog.11199.jpg,1763,3458
dog.11948.jpg,1708,3222
dog.11752.jpg,6322,154
dog.1282.jpg,1949,1033
dog.10409.jpg,1008,2755
dog.1473.jpg,1346,2865
dog.120.jpg,779,3408
dog.12383.jpg,239,3127
dog.11173.jpg,1261,2597
dog.10202.jpg,350,2420
dog.1060.jpg,2477,1221
dog.10003.jpg,757,1083
dog.10545.jpg,161,1487
dog.11925.jpg,861,6382
dog.11556.jpg,13,2782
dog.10640.jpg,77,1999
dog.10569.jpg,2543,3992
dog.11139.jpg,2698,766
dog.11749.jpg,1449,5395
dog.10321.jpg,0,6693
dog.1442.jpg,4193,1525
dog.10859.jpg,639,4887
dog.11123.jpg,2034,950
dog.11177.jpg,2023,1680
dog.11677.jpg,552,1415
dog.10877.jpg,2168,3682
dog.10746.jpg,921,61
dog.10826.jpg,2053,555
dog.1042.jpg,3480,714
dog.11962.jpg,1243,353
dog.10708.jpg,319,256
dog.10229.jpg,3138,3590
dog.10763.jpg,133,825
dog.11946.jpg,715,3870
dog.12303.jpg,205,2225
dog.11022.jpg,167,3328
dog.11634.jpg,2892,1973
dog.10867.jpg,623,3043
dog.12349.jpg,1091,339
dog.12497.jpg,3629,935
dog.12203.jpg,2077,79
dog.10028.jpg,445,1545
dog.12472.jpg,117,1891
dog.12467.jpg,69,1297
dog.10759.jpg,611,564
dog.1366.jpg,645,511
dog.12217.jpg,1313,1428
dog.12266.jpg,362,2324
dog.10143.jpg,411,1491
dog.11070.jpg,1022,1179
dog.1299.jpg,4524,2552
dog.1464.jpg,913,231
dog.12391.jpg,5737,6
dog.11566.jpg,135,3809
dog.134.jpg,2660,460
dog.11695.jpg,828,995
dog.1206.jpg,1037,2374
dog.10910.jpg,171,2612
dog.1112.jpg,0,5049
dog.12169.jpg,1098,1043
dog.1506.jpg,1812,3436
dog.11201.jpg,1118,1444
dog.10532.jpg,255,3908
dog.10585.jpg,666,2757
dog.10581.jpg,472,105
dog.10295.jpg,1758,301
dog.11618.jpg,153,2675
dog.1062.jpg,104,5961
dog.11546.jpg,84,3506
dog.10415.jpg,6805,2448
dog.11448.jpg,108,4115
dog.11976.jpg,250,2312
dog.10982.jpg,2549,956
dog.1586.jpg,1395,2533
dog.11409.jpg,66,383
dog.1229.jpg,38,6467
dog.11860.jpg,131,2647
dog.1293.jpg,1062,2189
dog.11987.jpg,1840,2022
dog.11476.jpg,4493,0
dog.12132.jpg,2302,5587
dog.1430.jpg,4056,3594
dog.11085.jpg,1591,1897
dog.11793.jpg,637,3804
dog.10015.jpg,1151,4595
dog.1109.jpg,1250,1826
dog.10888.jpg,3587,0
dog.11641.jpg,3761,637
dog.10919.jpg,307,4442
dog.10429.jpg,580,0
dog.11182.jpg,3256,1301
dog.11142.jpg,445,1621
dog.10849.jpg,0,6192
dog.10188.jpg,0,7789
dog.11245.jpg,77,1997
dog.11432.jpg,360,7162
dog.1629.jpg,1424,1433
dog.1592.jpg,5450,1366
dog.10462.jpg,414,7021
dog.12317.jpg,162,456
dog.12440.jpg,1479,1209
dog.10077.jpg,87,1802
dog.1117.jpg,505,630
dog.11928.jpg,955,3933
dog.11935.jpg,493,2536
dog.10241.jpg,1441,2468
dog.10984.jpg,1584,4151
dog.11276.jpg,265,2077
dog.1149.jpg,1294,1161
dog.10676.jpg,1011,2698
dog.11553.jpg,1439,1569
dog.11067.jpg,4,1662
dog.11856.jpg,3586,2779
dog.10287.jpg,48,7473
dog.10521.jpg,1553,3492
dog.11237.jpg,2280,2036
dog.11055.jpg,4427,3007
dog.11943.jpg,413,3181
dog.12086.jpg,6276,0
dog.10437.jpg,699,2872
dog.1552.jpg,2100,3332
dog.12050.jpg,603,3000
dog.1.jpg,3238,1717
dog.10959.jpg,769,326
dog.12091.jpg,52,1492
dog.11512.jpg,859,3731
dog.10917.jpg,4788,140
dog.10189.jpg,794,744
dog.10611.jpg,3,2620
dog.10140.jpg,154,213
dog.11105.jpg,1777,710
dog.10011.jpg,148,1574
dog.1092.jpg,1243,540
dog.1426.jpg,2714,285
dog.11317.jpg,1155,5976
dog.1008.jpg,1690,53
dog.10059.jpg,23,4170
dog.11017.jpg,192,583
dog.1632.jpg,625,2266
dog.10687.jpg,2542,4138
dog.1306.jpg,0,2708
dog.11510.jpg,79,288
dog.10851.jpg,1746,2124
dog.12285.jpg,164,4517
dog.1605.jpg,1971,1462
dog.10470.jpg,1288,4944
dog.1438.jpg,279,2497
dog.10266.jpg,435,993
dog.10999.jpg,1192,289
dog.109.jpg,2147,817
dog.12021.jpg,1221,1431
dog.11658.jpg,1068,1598
dog.12485.jpg,2926,3227
dog.11945.jpg,1392,901
dog.1602.jpg,36,1369
dog.11400.jpg,997,2736
dog.11789.jpg,483,3911
dog.1315.jpg,247,1471
dog.12038.jpg,4172,278
dog.11392.jpg,463,1782
dog.12211.jpg,530,2282
dog.10090.jpg,3126,2301
dog.11343.jpg,1747,454
dog.11791.jpg,1327,2398
dog.11410.jpg,30,5323
dog.11852.jpg,1299,939
dog.11095.jpg,6639,1768
dog.1288.jpg,1876,921
dog.10802.jpg,0,4852
dog.1245.jpg,849,4082
dog.11550.jpg,35,1826
dog.12468.jpg,0,1107
dog.10372.jpg,2369,1253
dog.12051.jpg,1158,5033
dog.11416.jpg,659,1958
dog.10219.jpg,1385,1378
dog.11348.jpg,899,2715
dog.12192.jpg,98,0
dog.11001.jpg,450,4664
dog.10238.jpg,4046,1480
dog.1553.jpg,2776,2243
dog.10153.jpg,1554,2459
dog.11595.jpg,891,1184
dog.11291.jpg,2489,3210
dog.11271.jpg,0,1495
dog.1595.jpg,932,4583
dog.12068.jpg,2011,514
dog.11465.jpg,6989,798
dog.12434.jpg,0,3248
dog.1385.jpg,1455,2094
dog.1156.jpg,34,530
dog.10449.jpg,1866,1896
dog.12101.jpg,433,3754
dog.1457.jpg,6522,1856
dog.12336.jpg,136,276
dog.10110.jpg,546,2387
dog.11478.jpg,321,36
dog.107.jpg,1125,2573
dog.12371.jpg,3103,2192
dog.12188.jpg,7533,141
dog.11915.jpg,2868,1819
dog.10347.jpg,706,45
dog.1548.jpg,3829,1968
dog.11138.jpg,658,4167
dog.11249.jpg,0,5418
dog.11584.jpg,536,3148
dog.12365.jpg,1869,2115
dog.12458.jpg,0,1905
dog.11301.jpg,179,3253
dog.10307.jpg,1497,2116
dog.12484.jpg,704,1281
dog.10447.jpg,686,2910
dog.10359.jpg,2176,61
dog.11258.jpg,0,2477
dog.1121.jpg,428,5145
dog.10309.jpg,1113,3480
dog.12399.jpg,174,2911
dog.12400.jpg,307,1311
dog.1053.jpg,1355,4476
dog.11707.jpg,3379,1703
dog.11805.jpg,4570,2153
dog.10455.jpg,3730,861
dog.10158.jpg,2255,3565
dog.1235.jpg,4940,1613
dog.1205.jpg,2810,3057
dog.11590.jpg,809,3524
dog.10552.jpg,829,115
dog.11833.jpg,1246,3765
dog.12014.jpg,1345,815
dog.11217.jpg,1820,2484
dog.12294.jpg,557,6864
dog.12421.jpg,1014,4393
dog.11929.jpg,3777,970
dog.10008.jpg,1026,3770
dog.11175.jpg,258,1213
dog.11189.jpg,1637,862
dog.11137.jpg,0,2936
dog.10350.jpg,2309,1055
dog.10434.jpg,859,3204
dog.10086.jpg,196,2363
dog.10411.jpg,1203,5778
dog.11307.jpg,30,5885
dog.10950.jpg,1572,140
dog.11804.jpg,1665,3450
dog.11226.jpg,706,1755
dog.11350.jpg,1128,1049
dog.11796.jpg,2101,3403
dog.12094.jpg,175,1550
dog.11823.jpg,1243,3179
dog.1093.jpg,469,3910
dog.1217.jpg,4368,2532
dog.11136.jpg,509,2382
dog.10752.jpg,1810,1974
dog.11988.jpg,6745,19
dog.10326.jpg,2235,764
dog.10922.jpg,357,1533
dog.10420.jpg,2311,1003
dog.12240.jpg,1632,965
dog.10049.jpg,2644,2375
dog.10918.jpg,977,2537
dog.11353.jpg,74,432
dog.11841.jpg,4421,467
dog.12296.jpg,2676,2940
dog.1334.jpg,1887,1893
dog.10929.jpg,1229,1437
dog.11792.jpg,542,907
dog.12300.jpg,955,4757
dog.12282.jpg,469,1250
dog.1272.jpg,2437,2289
dog.11640.jpg,2144,3186
dog.10607.jpg,621,1647
dog.10567.jpg,4830,2074
dog.1556.jpg,2228,876
dog.11848.jpg,1085,4231
dog.12018.jpg,1257,4385
dog.11818.jpg,0,3126
dog.1477.jpg,409,2377
dog.11149.jpg,509,2329
dog.11184.jpg,2254,5859
dog.11706.jpg,2174,1669
dog.1183.jpg,2161,2770
dog.1354.jpg,795,4290
dog.10139.jpg,2294,860
dog.10485.jpg,310,2120
dog.12459.jpg,3477,1
dog.11788.jpg,1470,1929
dog.12048.jpg,1010,3481
dog.10066.jpg,1628,2660
dog.12487.jpg,694,1382
dog.11745.jpg,107,593
dog.11708.jpg,2036,4037
dog.10468.jpg,54,2666
dog.10430.jpg,1289,5022
dog.1241.jpg,1031,1605
dog.10088.jpg,2024,1531
dog.10220.jpg,0,970
dog.10630.jpg,990,1276
dog.10563.jpg,23,1446
dog.108.jpg,2626,2346
dog.12154.jpg,481,5917
dog.1424.jpg,1785,991
dog.12257.jpg,570,4821
dog.12219.jpg,1205,923
dog.1055.jpg,1670,404
dog.11322.jpg,1757,566
dog.11248.jpg,4925,796
dog.10717.jpg,2577,3525
dog.12274.jpg,3596,579
dog.12156.jpg,1235,3316
dog.11463.jpg,2836,1659
dog.1195.jpg,2,2999
dog.10463.jpg,139,4144
dog.10418.jpg,1130,1720
dog.1397.jpg,1092,2353
dog.117.jpg,482,4500
dog.11315.jpg,2984,1860
dog.10458.jpg,2247,412
dog.11056.jpg,1755,3760
dog.10570.jpg,2299,1472
dog.1089.jpg,1660,3167
dog.10025.jpg,1075,1107
dog.11224.jpg,946,2135
dog.11827.jpg,12,3325
dog.11102.jpg,3863,427
dog.1479.jpg,1246,680
dog.10174.jpg,1148,3258
dog.11798.jpg,379,2632
dog.11878.jpg,3643,2668
dog.11760.jpg,1587,2840
dog.10020.jpg,322,2679
dog.11718.jpg,2634,1246
dog.102.jpg,338,1401
dog.10668.jpg,1282,1286
dog.12106.jpg,1339,804
dog.11421.jpg,1419,872
dog.10476.jpg,0,4103
dog.10770.jpg,1815,2294
dog.1129.jpg,926,5096
dog.11655.jpg,1162,12
dog.10087.jpg,419,4987
dog.1443.jpg,1176,196
dog.12237.jpg,1884,793
dog.10789.jpg,2388,2225
dog.1300.jpg,2166,1640
dog.12415.jpg,2164,2400
dog.1352.jpg,2128,4281
dog.10606.jpg,149,1914
dog.10954.jpg,696,890
dog.11385.jpg,2735,157
dog.10677.jpg,226,3553
dog.1226.jpg,439,169
dog.10544.jpg,1764,1949
dog.11490.jpg,1606,1546
dog.1005.jpg,278,1157
dog.105.jpg,3555,120
dog.1169.jpg,1513,910
dog.10507.jpg,410,1815
dog.10814.jpg,434,108
dog.11351.jpg,1216,997
dog.11999.jpg,594,4522
dog.10986.jpg,1636,2072
dog.12124.jpg,350,7626
dog.11195.jpg,469,192
dog.1290.jpg,1516,2986
dog.11040.jpg,1673,1790
dog.10989.jpg,277,2424
dog.1044.jpg,729,7683
dog.10834.jpg,3605,2094
dog.1528.jpg,2897,2943
dog.10370.jpg,3094,3577
dog.12280.jpg,2144,2212
dog.11294.jpg,168,29
dog.12157.jpg,2185,871
dog.10113.jpg,919,2509
dog.10459.jpg,6492,2
dog.10548.jpg,194,1868
dog.11888.jpg,3121,1118
dog.11198.jpg,2320,1743
dog.1310.jpg,569,3385
dog.12112.jpg,432,4130
dog.1390.jpg,774,1104
dog.11558.jpg,904,592
dog.1220.jpg,1820,1992
dog.165.jpg,127,5816
dog.10673.jpg,2516,755
dog.10711.jpg,754,723
dog.10605.jpg,2966,2539
dog.10818.jpg,293,2931
dog.11335.jpg,183,2923
dog.12006.jpg,674,5764
dog.10091.jpg,1250,3825
dog.1091.jpg,243,131
dog.1173.jpg,1137,477
dog.11767.jpg,1209,1786
dog.11503.jpg,687,2472
dog.1233.jpg,865,667
dog.12004.jpg,497,2593
dog.12446.jpg,2932,3244
dog.12306.jpg,420,3141
dog.12387.jpg,2404,4947
dog.10609.jpg,1224,2442
dog.11290.jpg,2721,2064
dog.1619.jpg,1522,49
dog.1257.jpg,13,464
dog.11802.jpg,14,277
dog.11544.jpg,100,5192
dog.11701.jpg,73,554
dog.1418.jpg,1815,3912
dog.1448.jpg,638,2941
dog.10172.jpg,52,2759
dog.10806.jpg,1772,12
dog.12127.jpg,2288,2097
dog.11589.jpg,954,450
dog.10739.jpg,11,291
dog.10460.jpg,24,4079
dog.1155.jpg,574,1773
dog.12315.jpg,873,1017
dog.12231.jpg,809,780
dog.155.jpg,848,2377
dog.10957.jpg,1380,447
dog.10247.jpg,3260,1644
dog.11031.jpg,378,2756
dog.11453.jpg,105,3930
dog.12172.jpg,2298,2056
dog.12114.jpg,2128,1253
dog.11162.jpg,1619,979
dog.10827.jpg,503,3355
dog.12060.jpg,1143,2608
dog.12330.jpg,3436,2731
dog.10955.jpg,68,959
dog.10557.jpg,1632,2565
dog.1481.jpg,4103,0
dog.10577.jpg,456,1329
dog.1612.jpg,22,2801
dog.12292.jpg,4685,604
dog.11396.jpg,316,1151
dog.11454.jpg,3431,612
dog.1279.jpg,1736,2397
dog.10767.jpg,1596,2997
dog.1084.jpg,949,4082
dog.12428.jpg,0,2692
dog.12053.jpg,203,4200
dog.12197.jpg,644,3377
dog.10832.jpg,2621,2637
dog.1039.jpg,1334,2510
dog.10412.jpg,559,2834
dog.11068.jpg,1274,1861
dog.1340.jpg,4200,31
dog.10205.jpg,745,1915
dog.10045.jpg,938,1463
dog.11620.jpg,2041,601
dog.12318.jpg,1494,3531
dog.10057.jpg,184,7994
dog.12193.jpg,847,3906
dog.11953.jpg,22,1767
dog.11781.jpg,609,2152
dog.150.jpg,954,538
dog.11428.jpg,1159,1397
dog.1289.jpg,2963,15
dog.11704.jpg,2406,1645
dog.1499.jpg,158,3540
dog.11654.jpg,3547,878
dog.12130.jpg,3579,900
dog.12254.jpg,2092,214
dog.1102.jpg,1617,774
dog.10118.jpg,4930,821
dog.1360.jpg,443,5332
dog.1408.jpg,380,2275
dog.11617.jpg,2032,1627
dog.11016.jpg,1880,2673
dog.12205.jpg,16,2852
dog.10733.jpg,42,4571
dog.11403.jpg,4516,926
dog.10258.jpg,5816,1485
dog.10649.jpg,320,1998
dog.11998.jpg,555,3297
dog.11731.jpg,2717,3793
dog.10421.jpg,1621,1211
dog.12350.jpg,251,5604
dog.11650.jpg,3839,156
dog.10948.jpg,1634,2406
dog.11597.jpg,3493,3284
dog.11623.jpg,464,1020
dog.1538.jpg,1283,1751
dog.1283.jpg,2969,3508
dog.10652.jpg,2183,1169
dog.10488.jpg,3115,1665
dog.1617.jpg,2381,3177
dog.11732.jpg,969,2207
dog.11321.jpg,375,4449
dog.11844.jpg,18,2790
dog.11259.jpg,803,2646
dog.11229.jpg,2735,1046
dog.12278.jpg,116,3059
dog.10875.jpg,2848,1367
dog.12128.jpg,215,2238
dog.11407.jpg,10,3472
dog.10601.jpg,26,5013
dog.12162.jpg,766,2929
dog.11438.jpg,260,2369
dog.12445.jpg,1709,1401
dog.10046.jpg,36,1267
dog.10053.jpg,2,516
dog.11568.jpg,2281,3096
dog.10613.jpg,498,1454
dog.10547.jpg,1368,2134
dog.10535.jpg,1149,1011
dog.110.jpg,160,1009
dog.10278.jpg,65,5582
dog.10896.jpg,689,5111
dog.12036.jpg,735,3101
dog.1047.jpg,194,3708
dog.11867.jpg,1720,1293
dog.153.jpg,316,3057
dog.10669.jpg,768,4372
dog.11506.jpg,3187,4147
dog.10531.jpg,1829,2962
dog.10363.jpg,1435,2701
dog.12355.jpg,61,8249
dog.1157.jpg,2172,1033
dog.1621.jpg,597,360
dog.10233.jpg,12,3675
dog.12334.jpg,594,2156
dog.10599.jpg,960,2695
dog.11373.jpg,229,627
dog.11180.jpg,1313,2122
dog.11657.jpg,584,2181
dog.10497.jpg,1469,760
dog.11866.jpg,2000,3094
dog.12377.jpg,408,4013
dog.11499.jpg,1531,3084
dog.1189.jpg,8,1125
dog.11020.jpg,1808,1588
dog.10644.jpg,1621,3385
dog.12314.jpg,1488,2093
dog.10833.jpg,1064,332
dog.10163.jpg,959,753
dog.11816.jpg,1688,600
dog.1223.jpg,2399,497
dog.11140.jpg,4848,2690
dog.10635.jpg,223,2662
dog.10629.jpg,2328,3898
dog.10346.jpg,536,1486
dog.11247.jpg,2371,3580
dog.1576.jpg,78,5125
dog.11264.jpg,2732,3418
dog.12255.jpg,1313,4882
dog.11036.jpg,148,3656
dog.1181.jpg,2115,1361
dog.1197.jpg,886,793
dog.11846.jpg,0,5310
dog.1369.jpg,3677,1281
dog.1298.jpg,1629,4535
dog.139.jpg,2135,4756
dog.10480.jpg,2437,3174
dog.11533.jpg,533,7230
dog.12232.jpg,4985,993
dog.12183.jpg,3836,2016
dog.11918.jpg,4692,892
dog.11812.jpg,2196,380
dog.1620.jpg,1396,732
dog.10495.jpg,154,3837
dog.160.jpg,606,709
dog.10182.jpg,2250,2872
dog.10127.jpg,623,2067
dog.1100.jpg,5,1459
dog.1324.jpg,1036,4386
dog.10968.jpg,8763,89
dog.10772.jpg,726,1489
dog.10047.jpg,1812,2573
dog.11304.jpg,339,1935
dog.11855.jpg,1533,1849
dog.12163.jpg,3,3073
dog.1471.jpg,53,1783
dog.10993.jpg,1910,3464
dog.1432.jpg,1214,328
dog.1104.jpg,254,1946
dog.11523.jpg,0,3411
dog.11958.jpg,554,576
dog.10977.jpg,4791,1610
dog.11059.jpg,875,978
dog.10005.jpg,766,3154
dog.12191.jpg,2244,1834
dog.11683.jpg,1043,7002
dog.11964.jpg,1146,2364
dog.12261.jpg,2395,3564
dog.10487.jpg,195,3511
dog.10226.jpg,1563,51
dog.1494.jpg,1990,2310
dog.11832.jpg,731,2210
dog.10386.jpg,711,398
dog.11933.jpg,558,3881
dog.1420.jpg,935,3821
dog.11386.jpg,0,2952
dog.10761.jpg,2256,1663
dog.10979.jpg,1201,824
dog.1083.jpg,746,204
dog.11041.jpg,2115,2936
dog.1549.jpg,6897,1381
dog.11989.jpg,830,1139
dog.1032.jpg,1411,1437
dog.12264.jpg,1282,162
dog.11651.jpg,817,2631
dog.10655.jpg,2022,2418
dog.1020.jpg,10,4414
dog.11397.jpg,2184,6337
dog.12146.jpg,961,496
dog.10696.jpg,550,431
dog.1225.jpg,485,2619
dog.11985.jpg,2547,582
dog.10306.jpg,723,3643
dog.1345.jpg,602,696
dog.12182.jpg,598,392
dog.1249.jpg,293,865
dog.11417.jpg,5501,358
dog.11244.jpg,2061,2050
dog.10115.jpg,3536,3198
dog.11458.jpg,1332,3970
dog.1444.jpg,790,1709
dog.10119.jpg,952,1360
dog.10098.jpg,1969,2253
dog.11902.jpg,6280,212
dog.1185.jpg,468,2849
dog.1381.jpg,535,26
dog.10319.jpg,2122,3588
dog.10207.jpg,1975,983
dog.1572.jpg,540,1828
dog.12373.jpg,1556,1562
dog.10327.jpg,170,6750
dog.1389.jpg,2197,398
dog.12040.jpg,1396,1282
dog.12126.jpg,0,640
dog.11151.jpg,918,1469
dog.11990.jpg,1757,103
dog.10704.jpg,111,1904
dog.10659.jpg,2288,6008
dog.12225.jpg,3017,938
dog.10493.jpg,295,4576
dog.1644.jpg,112,509
dog.10467.jpg,488,1525
dog.10618.jpg,161,1350
dog.10727.jpg,429,2435
dog.1392.jpg,41,1938
dog.12405.jpg,924,393
dog.1585.jpg,1,4252
dog.1204.jpg,25,1915
dog.11807.jpg,138,1640
dog.11034.jpg,38,0
dog.1251.jpg,714,2523
dog.1131.jpg,10,4736
dog.12324.jpg,1595,1470
dog.11473.jpg,57,2814
dog.12011.jpg,126,3217
dog.11379.jpg,83,4003
dog.10147.jpg,21,6515
dog.1276.jpg,2510,3277
dog.12439.jpg,1539,328
dog.11231.jpg,131,626
dog.10117.jpg,290,1079
dog.11004.jpg,7,138
dog.11186.jpg,7331,609
dog.10551.jpg,9,6588
dog.1351.jpg,1002,0
dog.1521.jpg,762,3226
dog.10253.jpg,930,2598
dog.11822.jpg,18,516
dog.11236.jpg,481,2381
dog.12033.jpg,1280,4027
dog.10071.jpg,800,2864
dog.1286.jpg,1987,1189
dog.1258.jpg,591,3264
dog.10702.jpg,612,1535
dog.10745.jpg,308,2241
dog.11901.jpg,84,4463
dog.11426.jpg,42,4769
dog.11524.jpg,806,4738
dog.11106.jpg,365,2353
dog.12359.jpg,1016,2541
dog.10995.jpg,1994,1266
dog.10705.jpg,2061,4632
dog.11783.jpg,1625,2144
dog.12081.jpg,75,180
dog.12475.jpg,2302,4406
dog.12222.jpg,2025,1871
dog.10101.jpg,1871,2599
dog.10272.jpg,4761,1239
dog.12164.jpg,1460,1275
dog.11167.jpg,1015,3777
dog.11170.jpg,4290,0
dog.1323.jpg,421,2254
dog.1106.jpg,932,4117
dog.10900.jpg,1335,129
dog.12492.jpg,701,2797
dog.10973.jpg,2534,1798
dog.1498.jpg,4665,724
dog.10116.jpg,1287,4173
dog.11702.jpg,3770,934
dog.12116.jpg,533,6007
dog.1098.jpg,28,3403
dog.11255.jpg,2898,2842
dog.11536.jpg,1374,3632
dog.10695.jpg,1083,1974
dog.1050.jpg,712,2366
dog.1412.jpg,786,1214
dog.1525.jpg,303,2365
dog.11342.jpg,444,3799
dog.1078.jpg,98,1444
dog.12291.jpg,3211,1394
dog.12381.jpg,174,1906
dog.10394.jpg,1773,2255
dog.11721.jpg,1581,208
dog.11723.jpg,663,1702
dog.11096.jpg,392,2910
dog.11446.jpg,555,4222
dog.11952.jpg,1049,579
dog.10403.jpg,3519,2106
dog.11212.jpg,777,305
dog.11103.jpg,1176,1877
dog.1124.jpg,1314,3394
dog.1470.jpg,974,2002
dog.1497.jpg,5,1369
dog.10407.jpg,315,1930
dog.1035.jpg,333,187
dog.10465.jpg,289,355
dog.10069.jpg,3226,210
dog.11750.jpg,2374,0
dog.10308.jpg,198,611
dog.11872.jpg,2168,5715
dog.10791.jpg,849,2249
dog.1362.jpg,651,2752
dog.12079.jpg,2474,1866
dog.133.jpg,2090,2914
dog.156.jpg,898,4033
dog.11809.jpg,1406,1503
dog.11836.jpg,399,3940
dog.1561.jpg,1963,1107
dog.12056.jpg,1,4126
dog.1603.jpg,108,471
dog.1320.jpg,468,918
dog.10941.jpg,97,1730
dog.10251.jpg,1799,667
dog.10589.jpg,1395,2346
dog.11970.jpg,515,1286
dog.11254.jpg,647,6353
dog.11115.jpg,718,6651
dog.1319.jpg,2462,1038
dog.10860.jpg,0,4264
dog.10550.jpg,14,2392
dog.128.jpg,2093,2214
dog.12223.jpg,3582,50
dog.12010.jpg,606,2544
dog.1429.jpg,414,1317
dog.12108.jpg,1651,1878
dog.10777.jpg,489,4911
dog.11048.jpg,716,292
dog.1184.jpg,124,2372
dog.1088.jpg,129,1295
dog.12215.jpg,664,1834
dog.11021.jpg,4644,272
dog.11487.jpg,1391,3552
dog.10549.jpg,60,1020
dog.12092.jpg,2103,2646
dog.12337.jpg,49,2172
dog.11424.jpg,13,397
dog.12417.jpg,3257,900
dog.11049.jpg,27,669
dog.1410.jpg,148,3046
dog.11257.jpg,81,2330
dog.140.jpg,4705,1971
dog.1441.jpg,16,1141
dog.1493.jpg,212,671
dog.11557.jpg,881,1697
dog.10186.jpg,2236,3976
dog.11240.jpg,2888,1676
dog.10633.jpg,683,5998
dog.10880.jpg,2134,2542
dog.10075.jpg,559,2101
dog.11579.jpg,751,1481
dog.10662.jpg,2040,3330
dog.10755.jpg,0,724
dog.11361.jpg,250,1769
dog.11060.jpg,41,2018
dog.1601.jpg,2089,275
dog.12134.jpg,1198,251
dog.12245.jpg,3067,2420
dog.10371.jpg,548,2978
dog.1510.jpg,1859,1747
dog.11164.jpg,522,3066
dog.1537.jpg,984,653
dog.12457.jpg,577,2762
dog.10367.jpg,3619,358
dog.1519.jpg,287,5307
dog.1364.jpg,2683,3622
dog.1130.jpg,1688,1034
dog.10901.jpg,1167,726
dog.11824.jpg,473,2125
dog.12034.jpg,236,2763
dog.11917.jpg,1658,1979
dog.10967.jpg,69,4187
dog.11582.jpg,2471,699
dog.1266.jpg,459,3014
dog.1280.jpg,757,3797
dog.10342.jpg,580,3561
dog.10947.jpg,3176,2033
dog.11161.jpg,673,342
dog.11337.jpg,2859,2721
dog.10952.jpg,96,3650
dog.10990.jpg,5567,202
dog.12348.jpg,1371,3124
dog.11612.jpg,1117,2658
dog.10264.jpg,787,324
dog.10795.jpg,317,2244
dog.12097.jpg,0,3109
dog.11043.jpg,495,4067
dog.1634.jpg,3744,2915
dog.10284.jpg,2352,1002
dog.10848.jpg,377,2080
dog.10612.jpg,2532,2938
dog.12190.jpg,35,8358
dog.12259.jpg,1267,4231
dog.11372.jpg,1261,903
dog.1118.jpg,560,1902
dog.11801.jpg,531,1507
dog.10865.jpg,464,858
dog.11871.jpg,1435,3237
dog.1015.jpg,406,2901
dog.11768.jpg,12,5044
dog.10243.jpg,1367,1436
dog.10304.jpg,38,164
dog.10395.jpg,0,1763
dog.11273.jpg,502,334
dog.11266.jpg,641,3264
dog.12213.jpg,293,1051
dog.1305.jpg,2339,868
dog.10735.jpg,308,2085
dog.10338.jpg,4174,2915
dog.1373.jpg,1041,2490
dog.11450.jpg,1930,3472
dog.1582.jpg,1232,96
dog.12003.jpg,4782,30
dog.10274.jpg,275,2635
dog.10938.jpg,805,2612
dog.12429.jpg,977,64
dog.11775.jpg,51,513
dog.12020.jpg,1608,245
dog.1557.jpg,3,3567
dog.11075.jpg,819,2381
dog.1304.jpg,2426,303
dog.10975.jpg,2339,733
dog.10178.jpg,415,2428
dog.10270.jpg,543,3073
dog.1367.jpg,1365,1718
dog.10023.jpg,1002,4535
dog.10908.jpg,7574,277
dog.11534.jpg,2860,3264
dog.11751.jpg,2878,1831
dog.1332.jpg,619,2368
dog.12496.jpg,2080,2535
dog.1080.jpg,1059,2950
dog.10311.jpg,2,2379
dog.11203.jpg,611,2499
dog.1167.jpg,1526,4264
dog.12397.jpg,1003,2829
dog.11659.jpg,568,898
dog.11862.jpg,657,6189
dog.11242.jpg,1851,1999
dog.10019.jpg,751,2778
dog.10961.jpg,3033,2492
dog.1019.jpg,360,2491
dog.10510.jpg,5966,587
dog.12052.jpg,1249,2759
dog.11204.jpg,374,1812
dog.10781.jpg,125,1711
dog.12229.jpg,292,2559
dog.10891.jpg,20,3807
dog.10471.jpg,1059,1280
dog.12413.jpg,220,3030
dog.11932.jpg,1220,3226
dog.12178.jpg,78,2374
dog.1210.jpg,0,927
dog.12022.jpg,311,2498
dog.1027.jpg,0,6552
dog.10744.jpg,3205,1162
dog.1516.jpg,721,2382
dog.10504.jpg,783,2766
dog.11280.jpg,966,1280
dog.12005.jpg,2936,666
dog.12339.jpg,2145,2749
dog.11691.jpg,1024,1938
dog.10234.jpg,3303,1304
dog.11179.jpg,536,1640
dog.11842.jpg,620,3068
dog.11961.jpg,159,2779
dog.11456.jpg,173,1776
dog.1291.jpg,1481,636
dog.1591.jpg,2398,1880
dog.1182.jpg,457,3398
dog.1395.jpg,2439,3403
dog.10231.jpg,1810,2444
dog.11971.jpg,533,1563
dog.10031.jpg,573,1474
dog.10665.jpg,1105,1777
dog.10428.jpg,184,5794
dog.10641.jpg,4186,782
dog.1640.jpg,1161,1816
dog.11615.jpg,2564,1943
dog.12118.jpg,1194,621
dog.11121.jpg,2634,1256
dog.1563.jpg,696,1221
dog.11206.jpg,590,2910
dog.11531.jpg,362,98
dog.1234.jpg,956,1777
dog.1488.jpg,1367,354
dog.11504.jpg,593,1910
dog.1113.jpg,2353,358
dog.1297.jpg,13,922
dog.10765.jpg,6,1520
dog.12228.jpg,380,3050
dog.11892.jpg,876,3999
dog.12447.jpg,1303,2289
dog.10728.jpg,1271,3645
dog.11501.jpg,2819,4184
dog.10291.jpg,1610,1889
dog.10378.jpg,1139,1796
dog.12074.jpg,1017,208
dog.11547.jpg,470,2588
dog.11502.jpg,252,3338
dog.11699.jpg,5682,374
dog.12133.jpg,2653,936
dog.1237.jpg,734,5601
dog.10616.jpg,2777,120
dog.11455.jpg,380,157
dog.1143.jpg,1486,3053
dog.10183.jpg,30,3466
dog.10874.jpg,1725,1499
dog.11583.jpg,679,2565
dog.10282.jpg,831,3635
dog.11418.jpg,2748,3568
dog.12375.jpg,301,5122
dog.11152.jpg,549,659
dog.11897.jpg,375,4432
dog.10820.jpg,0,6258
dog.10768.jpg,251,301
dog.10778.jpg,424,1512
dog.10362.jpg,1312,1304
dog.11132.jpg,48,6057
dog.1507.jpg,186,2176
dog.1208.jpg,4308,1199
dog.1536.jpg,1565,2666
dog.1146.jpg,1035,1022
dog.10517.jpg,671,781
dog.12125.jpg,1943,1910
dog.10671.jpg,1214,2301
dog.12342.jpg,428,1526
dog.10582.jpg,0,5175
dog.11387.jpg,3837,1089
dog.10212.jpg,236,579
dog.12474.jpg,546,1945
dog.12251.jpg,4,2245
dog.1555.jpg,286,3118
dog.10595.jpg,15,260
dog.10680.jpg,207,6620
dog.1163.jpg,1312,4711
dog.12248.jpg,2182,1174
dog.12290.jpg,1084,4127
dog.10738.jpg,110,3526
dog.12277.jpg,2354,761
dog.11495.jpg,298,2067
dog.10181.jpg,3536,2557
dog.12311.jpg,579,2530
dog.151.jpg,1332,1573
dog.1295.jpg,0,1706
dog.1253.jpg,878,3437
dog.10092.jpg,1012,575
dog.10786.jpg,1703,1682
dog.1598.jpg,3274,967
dog.11519.jpg,3500,1358
dog.10268.jpg,508,3519
dog.10905.jpg,2902,961
dog.12329.jpg,1200,326
dog.10089.jpg,416,124
dog.1421.jpg,14,4128
dog.11896.jpg,5161,480
dog.10058.jpg,1726,4412
dog.144.jpg,238,2416
dog.10519.jpg,915,4451
dog.10105.jpg,376,1930
dog.114.jpg,1791,1934
dog.122.jpg,629,3381
dog.11968.jpg,345,4552
dog.10235.jpg,1395,706
dog.10017.jpg,1101,1293
dog.11334.jpg,359,2113
dog.10296.jpg,1630,3943
dog.12435.jpg,3776,1899
dog.12382.jpg,9,1203
dog.1544.jpg,1411,1474
dog.10441.jpg,4878,2325
dog.10330.jpg,594,4491
dog.1329.jpg,717,3104
dog.1446.jpg,1593,4101
dog.1142.jpg,807,3950
dog.10303.jpg,780,2191
dog.1105.jpg,2208,1583
dog.10333.jpg,1008,2118
dog.11885.jpg,1975,737
dog.10373.jpg,1320,1936
dog.1095.jpg,758,1827
dog.11210.jpg,890,1455
dog.10442.jpg,94,1091
dog.10123.jpg,447,2999
dog.11724.jpg,2561,2436
dog.11191.jpg,80,218
dog.10478.jpg,0,2358
dog.12410.jpg,3544,1899
dog.12159.jpg,2298,50
dog.12335.jpg,3250,406
dog.1368.jpg,290,5264
dog.1212.jpg,637,2930
dog.11729.jpg,150,1339
dog.10873.jpg,809,4294
dog.12144.jpg,547,4904
dog.10160.jpg,0,4690
dog.11508.jpg,1000,1620
dog.1240.jpg,439,3006
dog.11500.jpg,126,2402
dog.12227.jpg,1679,4248
dog.11873.jpg,4338,1178
dog.11893.jpg,1237,3644
dog.11759.jpg,452,2324
dog.11857.jpg,2389,387
dog.11.jpg,681,1881
dog.1652.jpg,3153,331
dog.11461.jpg,55,3075
dog.11302.jpg,4534,1414
dog.1165.jpg,326,280
dog.10588.jpg,1175,3606
dog.11919.jpg,4221,1981
dog.12216.jpg,5990,33
dog.11436.jpg,1656,1574
dog.1374.jpg,2397,4985
dog.12401.jpg,854,1596
dog.11972.jpg,366,2550
dog.11051.jpg,1913,291
dog.12198.jpg,84,2588
dog.10862.jpg,1822,1831
dog.10360.jpg,861,177
dog.10660.jpg,1065,1073
dog.12333.jpg,6908,11
dog.11312.jpg,371,1637
dog.12470.jpg,2115,1523
dog.11299.jpg,5856,115
dog.10822.jpg,540,3258
dog.11741.jpg,1716,2218
dog.10838.jpg,103,3380
dog.11688.jpg,1922,435
dog.11963.jpg,3601,234
dog.11790.jpg,193,1908
dog.11252.jpg,1160,2779
dog.12119.jpg,593,112
dog.10622.jpg,1965,1545
dog.10657.jpg,2158,2146
dog.10177.jpg,412,1633
dog.1057.jpg,206,418
dog.10574.jpg,520,1366
dog.10978.jpg,95,821
dog.12175.jpg,957,3154
dog.10393.jpg,1035,2096
dog.12224.jpg,202,2995
dog.11308.jpg,1869,2018
dog.10095.jpg,250,2912
dog.1108.jpg,120,567
dog.12307.jpg,1750,1408
dog.1484.jpg,972,1225
dog.1604.jpg,324,844
dog.1532.jpg,3353,1066
dog.11420.jpg,1411,3306
dog.11913.jpg,4889,120
dog.1033.jpg,912,4087
dog.154.jpg,830,7300
dog.11656.jpg,6542,1620
dog.1013.jpg,951,1284
dog.11084.jpg,1219,5435
dog.10402.jpg,1745,14
dog.10102.jpg,88,100
dog.1459.jpg,616,1073
dog.11743.jpg,347,2981
dog.11690.jpg,4589,1260
dog.10646.jpg,3587,1364
dog.1451.jpg,0,2932
dog.1365.jpg,113,1760
dog.10451.jpg,184,3272
dog.10788.jpg,85,2680
dog.11649.jpg,413,2883
dog.10054.jpg,0,1727
dog.12368.jpg,947,3818
dog.10259.jpg,0,5733
dog.12431.jpg,45,4241
dog.10200.jpg,119,2816
dog.11710.jpg,3552,1742
dog.1136.jpg,53,586
dog.1639.jpg,1978,9
dog.11488.jpg,97,1355
dog.11843.jpg,1933,3943
dog.11834.jpg,628,4344
dog.10366.jpg,2575,2832
dog.12363.jpg,1997,3187
dog.1067.jpg,982,1596
dog.10638.jpg,754,5895
dog.11183.jpg,1119,1977
dog.10323.jpg,197,1522
dog.11593.jpg,67,933
dog.1625.jpg,2128,5777
dog.1126.jpg,300,5590
dog.10208.jpg,1225,2261
dog.10742.jpg,362,2274
dog.1487.jpg,199,4279
dog.11719.jpg,166,286
dog.11666.jpg,2036,1516
dog.11643.jpg,2349,4964
dog.10817.jpg,471,629
dog.10937.jpg,2814,953
dog.10060.jpg,1721,515
dog.11111.jpg,0,6440
dog.11960.jpg,97,400
dog.11118.jpg,177,2899
dog.12281.jpg,816,1707
dog.10410.jpg,5475,1004
dog.11434.jpg,168,2412
dog.12302.jpg,1350,1221
dog.10457.jpg,521,2294
dog.12002.jpg,1665,3116
dog.1236.jpg,823,4610
dog.10320.jpg,2481,3767
dog.10135.jpg,2774,1190
dog.11875.jpg,677,1155
dog.10456.jpg,2027,285
dog.10924.jpg,454,149
dog.12160.jpg,775,3503
dog.11571.jpg,12,1506
dog.1211.jpg,2054,54
dog.11746.jpg,47,77
dog.10737.jpg,262,582
dog.12066.jpg,2008,2214
dog.10332.jpg,680,1614
dog.10191.jpg,635,5256
dog.11429.jpg,349,146
dog.10260.jpg,2646,1296
dog.1540.jpg,17,6654
dog.11894.jpg,1516,515
dog.10206.jpg,1893,1156
dog.11485.jpg,963,1040
dog.1246.jpg,2867,3958
dog.10722.jpg,793,2372
dog.11073.jpg,223,4712
dog.11613.jpg,2491,2580
dog.10906.jpg,86,2790
dog.10965.jpg,2511,2708
dog.11279.jpg,332,2972
dog.12059.jpg,281,5593
dog.10754.jpg,2233,505
dog.11772.jpg,1408,410
dog.10785.jpg,522,4867
dog.11472.jpg,961,1754
dog.12426.jpg,2907,2691
dog.12276.jpg,2446,1121
dog.11813.jpg,286,3992
dog.11282.jpg,1516,1398
dog.12416.jpg,1028,4415
dog.1160.jpg,3568,2963
dog.10004.jpg,808,1121
dog.12012.jpg,1213,3951
dog.11821.jpg,2422,1186
dog.10443.jpg,1514,2760
dog.10800.jpg,383,2733
dog.10084.jpg,1661,1954
dog.1534.jpg,1169,3495
dog.11910.jpg,2557,2137
dog.1502.jpg,196,4230
dog.1573.jpg,1063,3816
dog.1103.jpg,630,5131
dog.10883.jpg,4182,121
dog.11330.jpg,195,1920
dog.10698.jpg,5,401
dog.12084.jpg,1697,1024
dog.12100.jpg,4451,4002
dog.1504.jpg,1060,2054
dog.1260.jpg,2068,2595
dog.1500.jpg,1569,5472
dog.11794.jpg,286,204
dog.11185.jpg,4691,504
dog.10341.jpg,2416,2594
dog.10621.jpg,733,1900
dog.1026.jpg,4440,1786
dog.10925.jpg,307,4755
dog.11113.jpg,955,2166
dog.10042.jpg,452,572
dog.12262.jpg,3878,4528
dog.12186.jpg,1257,442
dog.10006.jpg,601,4660
dog.1267.jpg,2354,2340
dog.11002.jpg,376,2321
dog.11601.jpg,163,973
dog.11738.jpg,418,2666
dog.12064.jpg,1663,4454
dog.10842.jpg,1886,1656
dog.12425.jpg,1186,2466
dog.10539.jpg,1220,355
dog.12356.jpg,129,401
dog.10297.jpg,0,2839
dog.11676.jpg,371,2483
dog.11559.jpg,644,2478
dog.12015.jpg,524,3664
dog.1123.jpg,2275,1889
dog.10981.jpg,2252,260
dog.10603.jpg,669,1059
dog.1041.jpg,1570,3858
dog.10111.jpg,1391,2611
dog.11393.jpg,1447,2765
dog.12293.jpg,3332,3073
dog.11402.jpg,3576,2160
dog.10148.jpg,6117,154
dog.10388.jpg,103,3308
dog.11369.jpg,655,2862
dog.1099.jpg,349,2114
dog.1259.jpg,5208,833
dog.11192.jpg,540,188
dog.1589.jpg,383,4303
dog.10509.jpg,1341,2124
dog.1119.jpg,1773,248
dog.10431.jpg,255,2138
dog.1458.jpg,2258,3384
dog.1069.jpg,1350,3247
dog.10556.jpg,206,2638
dog.10352.jpg,1788,2050
dog.1322.jpg,1205,652
dog.11413.jpg,45,3775
dog.10634.jpg,1330,983
dog.12049.jpg,0,2404
dog.1038.jpg,1129,4672
dog.10131.jpg,505,3863
dog.10684.jpg,3624,2275
dog.1127.jpg,241,1203
dog.11032.jpg,858,539
dog.10897.jpg,530,425
dog.10030.jpg,2245,2064
dog.10927.jpg,3125,1575
dog.10414.jpg,827,1112
dog.11408.jpg,985,1486
dog.11967.jpg,751,832
dog.10830.jpg,4637,1061
dog.10792.jpg,194,4004
dog.1386.jpg,2284,830
dog.138.jpg,3818,1784
dog.12441.jpg,868,2206
dog.10536.jpg,2287,448
dog.10675.jpg,2768,2285
dog.10803.jpg,299,1873
dog.11635.jpg,168,4160
dog.11682.jpg,83,698
dog.10499.jpg,9,8638
dog.10179.jpg,153,4391
dog.1411.jpg,2919,1592
dog.10315.jpg,3449,436
dog.1308.jpg,7387,691
dog.1325.jpg,1928,2369
dog.12187.jpg,231,6042
dog.10440.jpg,1,83
dog.11561.jpg,4646,1194
dog.1461.jpg,781,670
dog.11587.jpg,0,840
dog.11974.jpg,822,3108
dog.10911.jpg,602,675
dog.10314.jpg,625,479
dog.11274.jpg,1457,1711
dog.12016.jpg,1373,851
dog.10199.jpg,75,1401
dog.12288.jpg,2130,1346
dog.12142.jpg,1266,243
dog.10435.jpg,321,7049
dog.11262.jpg,285,468
dog.11305.jpg,1710,1043
dog.10269.jpg,1221,856
dog.12384.jpg,0,3315
dog.10065.jpg,744,4379
dog.10931.jpg,239,3994
dog.11168.jpg,3222,1302
dog.12326.jpg,6164,943
dog.1086.jpg,708,5261
dog.10558.jpg,941,3170
dog.11087.jpg,348,2749
dog.10515.jpg,801,3769
dog.12316.jpg,1030,1289
dog.11243.jpg,45,1808
dog.1107.jpg,2,4653
dog.10312.jpg,143,4137
dog.11352.jpg,2220,1298
dog.1651.jpg,2880,2772
dog.12313.jpg,2248,784
dog.12089.jpg,641,1303
dog.12455.jpg,5233,1
dog.116.jpg,467,3829
dog.1377.jpg,5764,2984
dog.1256.jpg,665,2367
dog.10267.jpg,190,1832
dog.12407.jpg,487,4254
dog.10868.jpg,2580,1631
dog.11569.jpg,458,4537
dog.10392.jpg,858,1488
dog.1401.jpg,294,4517
dog.11260.jpg,6199,874
dog.1379.jpg,2577,13
dog.1382.jpg,5541,1481
dog.1244.jpg,3143,3128
dog.10946.jpg,280,3022
dog.10444.jpg,1884,1865
dog.12420.jpg,472,2025
dog.12143.jpg,718,1244
dog.10642.jpg,343,3869
dog.1071.jpg,449,302
dog.1307.jpg,716,1785
dog.10302.jpg,1016,1855
dog.1370.jpg,1220,2103
dog.11956.jpg,570,3132
dog.10578.jpg,2722,4479
dog.12113.jpg,1,5611
dog.12279.jpg,802,550
dog.11363.jpg,2407,3456
dog.1522.jpg,1263,1139
dog.12488.jpg,1813,718
dog.10555.jpg,1005,135
dog.1263.jpg,0,4240
dog.1045.jpg,1192,1796
dog.10275.jpg,2456,1364
dog.11511.jpg,1088,454
dog.10262.jpg,956,326
dog.1375.jpg,551,1843
dog.10316.jpg,1778,1618
dog.10672.jpg,521,719
dog.1447.jpg,1069,3570
dog.12122.jpg,570,1732
dog.11756.jpg,4368,1231
dog.10401.jpg,5862,3223
dog.12075.jpg,0,7130
dog.12344.jpg,136,2442
dog.11126.jpg,205,1787
dog.11720.jpg,3499,2332
dog.10318.jpg,1427,1839
dog.135.jpg,51,1758
dog.11141.jpg,2768,1640
dog.10895.jpg,1177,1668
dog.11395.jpg,691,3390
dog.11039.jpg,593,3359
dog.12451.jpg,1244,761
dog.11359.jpg,0,6256
dog.11909.jpg,650,3372
dog.1176.jpg,701,6522
dog.11549.jpg,1199,2711
dog.1009.jpg,406,3489
dog.1292.jpg,2804,4
dog.10067.jpg,1923,27
dog.11734.jpg,2696,2873
dog.11235.jpg,528,1950
dog.11117.jpg,1249,1864
dog.10808.jpg,2100,1815
dog.10871.jpg,0,4072
dog.12185.jpg,1199,6115
dog.11435.jpg,307,2691
dog.12028.jpg,1357,5860
dog.11773.jpg,12,82
dog.10840.jpg,138,2615
dog.11607.jpg,28,1581
dog.10255.jpg,3338,2627
dog.12352.jpg,1572,1593
dog.10596.jpg,84,1402
dog.1090.jpg,1269,1137
dog.11008.jpg,220,249
dog.10018.jpg,993,885
dog.10870.jpg,1,1002
dog.11447.jpg,2510,592
dog.11171.jpg,5843,54
dog.10432.jpg,403,694
dog.1590.jpg,1609,1829
dog.10132.jpg,1767,3617
dog.10843.jpg,1406,2871
dog.11652.jpg,775,1885
dog.11333.jpg,768,336
dog.1436.jpg,2656,3045
dog.10524.jpg,1872,2261
dog.12473.jpg,578,837
dog.10377.jpg,6345,319
dog.11776.jpg,1873,5013
dog.11364.jpg,3142,1036
dog.10305.jpg,720,1975
dog.10810.jpg,2544,2604
dog.11023.jpg,1095,1927
dog.12023.jpg,1422,1568
dog.10847.jpg,428,4263
dog.10285.jpg,1587,1015
dog.11196.jpg,660,1354
dog.10916.jpg,327,902
dog.10385.jpg,396,1182
dog.1393.jpg,6508,1476
dog.11010.jpg,27,1065
dog.10951.jpg,1092,2294
dog.162.jpg,10,1685
dog.10190.jpg,7409,1640
dog.10972.jpg,275,2608
dog.1569.jpg,849,1713
dog.11181.jpg,87,2893
dog.11234.jpg,29,529
dog.142.jpg,732,1759
dog.10149.jpg,7264,2117
dog.1554.jpg,1161,4939
dog.11158.jpg,2122,801
dog.10991.jpg,5,2276
dog.125.jpg,1551,2932
dog.10130.jpg,2297,1934
dog.12338.jpg,102,1628
dog.11906.jpg,3470,1855
dog.10824.jpg,1020,1667
dog.12168.jpg,912,548
dog.11859.jpg,2083,4127
dog.12161.jpg,170,1983
dog.10171.jpg,999,741
dog.10693.jpg,9,2303
dog.10152.jpg,2411,278
dog.1036.jpg,1222,1900
dog.11452.jpg,180,7264
dog.132.jpg,1899,157
dog.11560.jpg,777,951
dog.10448.jpg,239,701
dog.1030.jpg,4714,1271
dog.11156.jpg,68,2825
dog.11223.jpg,3994,506
dog.12047.jpg,388,1418
dog.11671.jpg,259,4445
dog.11975.jpg,279,5754
dog.12325.jpg,1068,213
dog.10782.jpg,796,2062
dog.12454.jpg,784,1299
dog.1164.jpg,441,2036
dog.12221.jpg,3688,2517
dog.11829.jpg,988,1441
dog.1526.jpg,1240,885
dog.12346.jpg,416,326
dog.10562.jpg,1737,647
dog.12432.jpg,1072,1860
dog.11786.jpg,6,4237
dog.1193.jpg,1699,700
dog.11610.jpg,2563,285
dog.11265.jpg,317,1150
dog.10647.jpg,1745,1111
dog.10242.jpg,2089,2569
dog.12214.jpg,892,5846
dog.11542.jpg,525,1967
dog.12210.jpg,737,260
dog.11066.jpg,850,4175
dog.10960.jpg,0,5010
dog.10325.jpg,2991,3071
dog.10209.jpg,620,2957
dog.1501.jpg,6021,985
dog.16.jpg,1214,1993
dog.10887.jpg,4687,2283
dog.11679.jpg,1720,1621
dog.1434.jpg,44,1081
dog.11484.jpg,795,5597
dog.10104.jpg,213,4421
dog.11007.jpg,1290,679
dog.10920.jpg,148,1888
dog.12258.jpg,2,2300
dog.10076.jpg,0,3413
dog.12243.jpg,465,1453
dog.10192.jpg,642,3640
dog.11713.jpg,1296,3588
dog.1578.jpg,278,3549
dog.10980.jpg,473,715
dog.1052.jpg,235,4889
dog.10584.jpg,2607,0
dog.10483.jpg,4126,970
dog.11083.jpg,1380,1563
dog.10724.jpg,4919,1002
dog.15.jpg,3854,4756
dog.11227.jpg,4084,1126
dog.11703.jpg,1178,6087
dog.11899.jpg,692,3868
dog.1063.jpg,169,3563
dog.10813.jpg,1694,3495
dog.11355.jpg,1770,808
dog.1344.jpg,3504,1171
dog.10807.jpg,795,3825
dog.11331.jpg,449,423
dog.10757.jpg,957,3086
dog.11622.jpg,3689,305
dog.1626.jpg,1482,838
dog.11213.jpg,201,4031
dog.11665.jpg,122,1590
dog.11563.jpg,715,4812
dog.10527.jpg,775,4139
dog.1462.jpg,593,4542
dog.10122.jpg,1781,171
dog.1262.jpg,1134,5396
dog.10382.jpg,4,369
dog.10503.jpg,457,1051
dog.11406.jpg,218,565
dog.10799.jpg,1766,343
dog.11548.jpg,201,1442
dog.11310.jpg,656,912
dog.12166.jpg,1954,793
dog.1070.jpg,1725,470
dog.10716.jpg,2889,6
dog.1492.jpg,1740,4968
dog.11535.jpg,1788,4191
dog.10623.jpg,2373,2136
dog.11309.jpg,7037,371
dog.11736.jpg,1301,4471
dog.11769.jpg,1062,1526
dog.11457.jpg,1389,2397
dog.11806.jpg,5699,322
dog.10336.jpg,2191,994
dog.10228.jpg,530,82
dog.11246.jpg,191,7485
dog.12057.jpg,3242,2453
dog.11166.jpg,752,1387
dog.10184.jpg,1657,1311
dog.126.jpg,1070,668
dog.11891.jpg,273,469
dog.10600.jpg,1039,470
dog.12250.jpg,422,1345
dog.10166.jpg,1686,3229
dog.11578.jpg,354,2298
dog.10670.jpg,1,6850
dog.130.jpg,980,1746
dog.12076.jpg,2374,2256
dog.1468.jpg,776,3034
dog.12430.jpg,187,2365
dog.1285.jpg,1,1246
dog.11819.jpg,248,3521
dog.11631.jpg,517,2748
dog.1072.jpg,658,1703
dog.1547.jpg,2906,1051
dog.12209.jpg,1787,2644
dog.12482.jpg,2091,363
dog.1610.jpg,690,2002
dog.10731.jpg,1405,123
dog.11045.jpg,1845,4838
dog.1087.jpg,1280,608
dog.11362.jpg,476,423
dog.10864.jpg,1224,2013
dog.10016.jpg,1979,516
dog.12019.jpg,2582,2746
dog.11733.jpg,860,3329
dog.11814.jpg,1156,1756
dog.11119.jpg,2087,2320
dog.12104.jpg,309,4808
dog.11520.jpg,1769,1381
dog.1051.jpg,268,4669
dog.1415.jpg,1597,891
dog.1170.jpg,703,3233
dog.1132.jpg,287,1285
dog.12385.jpg,1978,318
dog.11684.jpg,98,6333
dog.10061.jpg,735,4998
dog.11389.jpg,2475,2117
dog.12181.jpg,578,2543
dog.1527.jpg,1441,4158
dog.11072.jpg,1037,5629
dog.12478.jpg,94,1824
dog.11065.jpg,3276,1254
dog.10301.jpg,2976,1844
dog.11530.jpg,173,4049
dog.10506.jpg,5218,2219
dog.1007.jpg,1972,1306
dog.1491.jpg,0,9654
dog.12271.jpg,2798,2644
dog.10.jpg,3937,657
dog.1213.jpg,5354,108
dog.11356.jpg,0,2701
dog.12462.jpg,1385,1063
dog.10839.jpg,972,985
dog.11207.jpg,682,501
dog.11517.jpg,1766,3739
dog.10988.jpg,3798,1424
dog.12072.jpg,143,1946
dog.1649.jpg,5778,2776
dog.11949.jpg,23,3526
dog.10923.jpg,774,1953
dog.11598.jpg,1133,694
dog.11994.jpg,455,2332
dog.11057.jpg,1321,1989
dog.10215.jpg,1137,2320
dog.11451.jpg,6839,60
dog.11551.jpg,793,1987
dog.12364.jpg,2030,309
dog.1615.jpg,323,1505
dog.1311.jpg,528,3195
dog.12025.jpg,4970,1269
dog.11251.jpg,1399,5727
dog.10151.jpg,658,1968
dog.11668.jpg,123,2423
dog.11375.jpg,3516,760
dog.1145.jpg,3561,444
dog.10035.jpg,576,1230
dog.1512.jpg,3219,746
dog.11726.jpg,2015,1531
dog.1609.jpg,15,2295
dog.12129.jpg,461,266
dog.10686.jpg,1074,4528
dog.1529.jpg,41,3499
dog.10261.jpg,1813,1245
dog.1016.jpg,284,4842
dog.10232.jpg,1458,2352
dog.1232.jpg,1433,1370
dog.12319.jpg,1517,1161
dog.11374.jpg,2781,1942
dog.11349.jpg,1114,577
dog.1583.jpg,3380,2986
dog.10357.jpg,2296,897
dog.118.jpg,2059,3767
dog.10798.jpg,268,1089
dog.1178.jpg,469,833
dog.1641.jpg,2160,135
dog.11383.jpg,2352,992
dog.1120.jpg,1956,391
dog.10198.jpg,2354,2073
dog.10193.jpg,214,3330
dog.10482.jpg,1926,2295
dog.10079.jpg,467,567
dog.10626.jpg,2566,2054
dog.11145.jpg,191,1031
dog.12013.jpg,44,2113
dog.11079.jpg,71,2314
dog.12498.jpg,5257,2506
dog.10956.jpg,789,2517
dog.11230.jpg,89,4329
dog.11942.jpg,0,9352
dog.1261.jpg,656,382
dog.10721.jpg,1522,2088
dog.1359.jpg,2843,1241
dog.11516.jpg,593,2056
dog.1022.jpg,1945,1755
dog.11050.jpg,287,2711
dog.10645.jpg,1899,628
dog.1077.jpg,1506,1641
dog.11874.jpg,2980,769
dog.11148.jpg,2138,1171
dog.1406.jpg,201,3437
dog.11394.jpg,382,6051
dog.1342.jpg,5041,1225
dog.11877.jpg,1241,947
dog.1455.jpg,442,4958
dog.12063.jpg,698,2210
dog.11445.jpg,1798,1163
dog.10276.jpg,2795,536
dog.1313.jpg,2139,834
dog.11554.jpg,1030,972
dog.10078.jpg,305,6093
dog.11412.jpg,2517,630
dog.12139.jpg,1964,1228
dog.10794.jpg,1864,2717
dog.10216.jpg,6440,62
dog.12117.jpg,2851,2845
dog.12268.jpg,519,2882
dog.11815.jpg,1244,3343
dog.1637.jpg,810,4519
dog.12286.jpg,3701,3318
dog.10481.jpg,870,6149
dog.11828.jpg,241,1440
dog.10052.jpg,3482,360
dog.11611.jpg,728,366
dog.11077.jpg,1507,3647
dog.11028.jpg,2909,804
dog.12309.jpg,1300,6490
dog.10161.jpg,7040,1870
dog.11981.jpg,748,3863
dog.1445.jpg,112,1696
dog.11089.jpg,1704,1554
dog.10406.jpg,23,4277
dog.11320.jpg,3334,714
dog.11660.jpg,494,4603
dog.10150.jpg,783,777
dog.11025.jpg,695,1271
dog.1114.jpg,3223,483
dog.10331.jpg,326,3565
dog.1216.jpg,2604,0
dog.11992.jpg,2442,2723
dog.11526.jpg,910,1812
dog.11005.jpg,2420,167
dog.10632.jpg,2156,2126
dog.10328.jpg,16,1949
dog.12.jpg,1384,1830
dog.11696.jpg,1220,1867
dog.10656.jpg,763,1312
dog.10892.jpg,6532,0
dog.11762.jpg,955,1537
dog.11625.jpg,1094,4219
dog.10165.jpg,3329,412
dog.10475.jpg,1487,1511
dog.11686.jpg,1356,246
dog.10796.jpg,1552,1912
dog.11027.jpg,1051,103
dog.12121.jpg,429,1051
dog.1391.jpg,467,3059
dog.10464.jpg,152,1397
dog.1631.jpg,2229,1813
dog.10573.jpg,819,861
dog.1531.jpg,2219,1744
dog.12476.jpg,1458,358
dog.10869.jpg,3,945
dog.1330.jpg,727,2803
dog.10136.jpg,98,4081
dog.10667.jpg,653,913
dog.1172.jpg,1227,2933
dog.10514.jpg,799,1013
dog.1337.jpg,1523,1606
dog.11627.jpg,920,2137
dog.10491.jpg,4820,172
dog.1371.jpg,2101,1216
dog.10970.jpg,29,3707
dog.11826.jpg,2594,1764
dog.10915.jpg,554,4326
dog.11725.jpg,1638,2287
dog.127.jpg,185,2007
dog.11253.jpg,287,1071
dog.12471.jpg,1649,2739
dog.10112.jpg,2686,3342
dog.12456.jpg,2417,4352
dog.10397.jpg,1068,288
dog.10146.jpg,963,4883
dog.11937.jpg,1968,979
dog.10236.jpg,965,1173
dog.1454.jpg,4185,2599
dog.10361.jpg,908,3690
dog.11116.jpg,3826,2720
dog.12077.jpg,969,1999
dog.11700.jpg,954,439
dog.11522.jpg,2686,2804
dog.12238.jpg,1740,1567
dog.10073.jpg,1345,415
dog.1642.jpg,920,740
dog.10176.jpg,159,5435
dog.10492.jpg,637,1436
dog.11225.jpg,1188,3371
dog.11127.jpg,1613,1492
dog.11632.jpg,3345,1149
dog.10804.jpg,1450,2178
dog.10987.jpg,1742,2469
dog.12403.jpg,1468,734
dog.1357.jpg,4703,548
dog.12414.jpg,660,1250
dog.1154.jpg,1213,199
dog.11098.jpg,1006,2938
dog.1037.jpg,2198,2308
dog.10700.jpg,5646,2
dog.12045.jpg,1128,1561
dog.1168.jpg,60,1393
dog.1355.jpg,3502,682
dog.12380.jpg,1435,3411
dog.1650.jpg,5362,2483
dog.1214.jpg,0,895
dog.10173.jpg,28,2526
dog.10038.jpg,1504,3180
dog.10000.jpg,4078,1913
dog.11011.jpg,7160,879
dog.11169.jpg,1118,446
dog.10821.jpg,321,112
dog.1140.jpg,4943,12
dog.11644.jpg,3150,2005
dog.11053.jpg,1964,969
dog.10627.jpg,1376,130
dog.11360.jpg,1400,3296
dog.10096.jpg,3429,2086
dog.11646.jpg,1520,614
dog.161.jpg,813,2327
dog.11486.jpg,1350,2563
dog.10631.jpg,4911,2328
dog.10691.jpg,582,1725
dog.10356.jpg,1022,214
dog.10472.jpg,4,3938
dog.10592.jpg,2915,2174
dog.10889.jpg,3449,1276
dog.10257.jpg,1782,2324
dog.12491.jpg,0,8221
dog.12358.jpg,2,371
dog.11538.jpg,357,2999
dog.12411.jpg,581,2260
dog.10334.jpg,2190,3742
dog.1275.jpg,0,710
dog.12058.jpg,204,3523
dog.12200.jpg,3570,287
dog.10699.jpg,1305,505
dog.141.jpg,496,4176
dog.11000.jpg,966,3308
dog.11527.jpg,576,3076
dog.12322.jpg,3983,378
dog.1372.jpg,5767,341
dog.1150.jpg,2323,3754
dog.12486.jpg,472,1514
dog.1606.jpg,2346,5623
dog.1546.jpg,211,3621
dog.11062.jpg,1255,215
dog.11722.jpg,651,3513
dog.10365.jpg,248,2395
dog.11633.jpg,1091,3490
dog.10893.jpg,1003,3896
dog.1413.jpg,795,80
dog.1514.jpg,2946,2079
dog.10452.jpg,830,809
dog.11332.jpg,290,4012
dog.11019.jpg,2391,2900
dog.10997.jpg,60,490
dog.11930.jpg,2133,801
dog.11082.jpg,689,2235
dog.10732.jpg,769,2708
dog.10904.jpg,7876,35
dog.10819.jpg,12,2662
dog.12361.jpg,958,2215
dog.11870.jpg,927,994
dog.1000.jpg,714,1119
dog.12073.jpg,3479,431
dog.11269.jpg,940,3820
dog.11313.jpg,548,1290
dog.10537.jpg,1300,518
dog.11515.jpg,1330,4180
dog.1496.jpg,4542,1678
dog.1147.jpg,981,4802
dog.1580.jpg,2371,945
dog.11950.jpg,1181,929
dog.11740.jpg,0,2046
dog.10155.jpg,270,3988
dog.11865.jpg,15,3739
dog.11091.jpg,1621,968
dog.12055.jpg,283,2951
dog.1190.jpg,596,2548
dog.1490.jpg,2104,3996
dog.11187.jpg,349,1289
dog.11263.jpg,159,2362
dog.10773.jpg,1622,1021
dog.1450.jpg,651,1902
dog.11817.jpg,617,2142
dog.11609.jpg,3564,1001
dog.11993.jpg,403,988
dog.10477.jpg,858,543
dog.10453.jpg,572,1903
dog.10348.jpg,1940,1737
dog.11973.jpg,1547,185
dog.10526.jpg,1673,4345
dog.1056.jpg,1186,2419
dog.164.jpg,673,4309
dog.11384.jpg,1577,536
dog.11714.jpg,354,2220
dog.11674.jpg,789,4658
dog.12096.jpg,2126,243
dog.10396.jpg,592,3277
dog.11272.jpg,847,126
dog.11380.jpg,3172,2101
dog.11849.jpg,3202,2377
dog.111.jpg,491,3336
dog.10419.jpg,3043,1550
dog.11868.jpg,790,2250
dog.11354.jpg,559,2273
dog.1633.jpg,2606,1980
dog.1068.jpg,2618,1643
dog.11165.jpg,944,2754
dog.11128.jpg,676,3281
dog.12177.jpg,2743,2687
dog.11344.jpg,609,1537
dog.11038.jpg,3342,1910
dog.10926.jpg,1466,3012
dog.11324.jpg,2729,872
dog.10661.jpg,93,170
dog.1135.jpg,1853,2957
dog.11214.jpg,55,210
dog.12150.jpg,1397,1741
dog.1568.jpg,1066,3204
dog.1111.jpg,1920,601
dog.10124.jpg,1163,2657
dog.1423.jpg,1269,4172
dog.11293.jpg,4154,614
dog.12046.jpg,10,1371
dog.11297.jpg,1748,2280
dog.12424.jpg,417,2113
dog.10001.jpg,840,3083
dog.11739.jpg,94,476
dog.1509.jpg,1248,7205
dog.11194.jpg,4,379
dog.11300.jpg,1331,3283
dog.1174.jpg,2900,917
dog.1380.jpg,270,1187
dog.11006.jpg,34,6287
dog.11477.jpg,0,3800
dog.10313.jpg,1995,916
dog.10502.jpg,33,1216
dog.1513.jpg,269,1181
dog.1520.jpg,2007,449
dog.10157.jpg,3096,134
dog.11422.jpg,1328,2056
dog.10329.jpg,83,2905
dog.10310.jpg,2324,1484
dog.1180.jpg,242,3322
dog.10748.jpg,0,2662
dog.10097.jpg,2189,3469
dog.1227.jpg,691,2005
dog.12345.jpg,1518,2018
dog.11592.jpg,1071,1604
dog.10939.jpg,2857,1907
dog.10375.jpg,972,1230
dog.10736.jpg,2880,2734
dog.10554.jpg,2418,6004
dog.11748.jpg,41,1847
dog.1247.jpg,501,498
dog.12452.jpg,1449,2702
dog.11672.jpg,940,3464
dog.10093.jpg,2529,1485
dog.12149.jpg,3,2782
dog.10355.jpg,3916,2607
dog.11381.jpg,1444,1675
dog.10747.jpg,896,504
dog.11825.jpg,1246,4016
dog.11996.jpg,864,1096
dog.10831.jpg,228,412
dog.1318.jpg,3371,236
dog.11728.jpg,0,283
dog.10564.jpg,4,1845
dog.10033.jpg,3260,1802
dog.12366.jpg,800,4933
dog.10689.jpg,2061,963
dog.12208.jpg,350,1159
dog.10958.jpg,496,2405
dog.11831.jpg,2306,1095
dog.1350.jpg,1653,2878
dog.11026.jpg,47,3612
dog.11986.jpg,0,6166
dog.12479.jpg,2464,3571
dog.10648.jpg,1418,1312
dog.11830.jpg,811,1302
dog.10036.jpg,1194,2988
dog.10293.jpg,538,1768
dog.10056.jpg,2278,825
dog.10081.jpg,572,774
dog.11303.jpg,5021,163
dog.1565.jpg,1058,836
dog.10068.jpg,1563,4349
dog.12423.jpg,1221,1467
dog.11954.jpg,5,3629
dog.10861.jpg,4331,2530
dog.1152.jpg,151,5322
dog.1505.jpg,599,1070
dog.12202.jpg,155,941
dog.10185.jpg,413,1525
dog.10719.jpg,217,2177
dog.12230.jpg,2286,599
dog.11159.jpg,434,3001
dog.10964.jpg,1218,1168
dog.10654.jpg,2006,2883
dog.12107.jpg,1320,1359
dog.10479.jpg,40,2141
dog.12284.jpg,701,649
dog.11927.jpg,78,1881
dog.1287.jpg,2483,1404
dog.10062.jpg,2084,1374
dog.11439.jpg,1831,2001
dog.12236.jpg,1538,675
dog.10391.jpg,3,903
dog.1469.jpg,1970,2587
dog.10571.jpg,2673,785
dog.11281.jpg,4005,486
dog.10787.jpg,0,5028
dog.1094.jpg,2430,3761
dog.11543.jpg,0,6084
dog.10300.jpg,672,2699
dog.12080.jpg,321,3553
dog.12009.jpg,2389,1253
dog.11596.jpg,21,1638
dog.1485.jpg,276,1397
dog.12218.jpg,6,5588
dog.11614.jpg,4987,1415
dog.12153.jpg,38,60
dog.10651.jpg,268,2115
dog.14.jpg,85,21
dog.11735.jpg,924,579
dog.1618.jpg,204,6929
dog.12017.jpg,2819,2323
dog.12301.jpg,1011,3329
dog.10433.jpg,4550,844
dog.11134.jpg,591,4877
dog.1638.jpg,0,5708
dog.11391.jpg,121,7653
dog.11131.jpg,463,1772
dog.11003.jpg,3183,2955
dog.1427.jpg,534,1656
dog.10337.jpg,2943,569
dog.10953.jpg,419,381
dog.12270.jpg,1130,1257
dog.12001.jpg,102,3399
dog.10374.jpg,891,4646
dog.1419.jpg,233,3599
dog.10663.jpg,765,445
dog.11518.jpg,524,3286
dog.1596.jpg,75,668
dog.11630.jpg,375,3179
dog.10169.jpg,342,1969
dog.11863.jpg,403,3736
dog.11730.jpg,757,1917
dog.11133.jpg,2440,804
dog.11997.jpg,2811,1491
dog.11774.jpg,19,1851
dog.11329.jpg,1044,4704
dog.12437.jpg,1352,1586
dog.10026.jpg,1670,186
dog.10043.jpg,885,1479
dog.1388.jpg,1255,1546
dog.10513.jpg,730,4773
dog.1018.jpg,273,289
dog.11717.jpg,99,5435
dog.1599.jpg,5544,98
dog.10196.jpg,902,4518
dog.10863.jpg,1681,2945
dog.12102.jpg,1101,38
dog.10461.jpg,860,1581
dog.1581.jpg,4668,11
dog.10586.jpg,908,1836
dog.12247.jpg,14,31
dog.11770.jpg,1369,1998
dog.13.jpg,928,2932
dog.11101.jpg,1151,2872
dog.1273.jpg,3306,282
dog.11378.jpg,646,4262
dog.11771.jpg,803,3181
dog.10239.jpg,474,1025
dog.11705.jpg,3928,378
dog.10244.jpg,416,395
dog.11054.jpg,1263,854
dog.11784.jpg,668,2814
dog.1294.jpg,1313,1211
dog.11209.jpg,357,3139
dog.11795.jpg,288,1741
dog.1059.jpg,3651,1912
dog.1416.jpg,820,3132
dog.10561.jpg,1913,1042
dog.11835.jpg,3224,727
dog.11507.jpg,183,7345
dog.1269.jpg,15,6593
dog.12171.jpg,2556,3437
dog.11295.jpg,1071,4787
dog.12390.jpg,2370,1536
dog.11325.jpg,1330,1941
dog.10769.jpg,44,3714
dog.1338.jpg,820,2528
dog.12196.jpg,620,520
dog.1001.jpg,673,55
dog.1221.jpg,758,3005
dog.12041.jpg,737,3288
dog.11176.jpg,2018,56
dog.10024.jpg,1287,1814
dog.1209.jpg,1218,1020
dog.1495.jpg,3390,2022
dog.1508.jpg,1550,2692
dog.12265.jpg,552,699
dog.12453.jpg,616,2956
dog.10279.jpg,1286,3516
dog.10720.jpg,5573,0
dog.10027.jpg,988,2719
dog.12083.jpg,477,2005
dog.1647.jpg,1808,1927
dog.115.jpg,658,4306
dog.12239.jpg,368,3426
dog.11306.jpg,3281,144
dog.12061.jpg,720,4336
dog.1228.jpg,666,2691
dog.10933.jpg,1288,614
dog.10936.jpg,5954,930
dog.1162.jpg,1318,634
dog.1452.jpg,2690,2229
dog.10541.jpg,934,1393
dog.10281.jpg,1994,110
dog.11460.jpg,857,1631
dog.11284.jpg,993,3962
dog.11074.jpg,31,2109
dog.1270.jpg,359,490
dog.1383.jpg,156,979
dog.10474.jpg,4305,801
dog.10694.jpg,1731,1939
dog.10271.jpg,1016,6051
dog.12246.jpg,6209,543
dog.10137.jpg,305,3565
dog.10560.jpg,298,3170
dog.11323.jpg,2035,588
dog.12065.jpg,3473,2473
dog.11160.jpg,3973,124
dog.1417.jpg,213,2843
dog.10898.jpg,2565,1571
dog.106.jpg,1515,4705
dog.1335.jpg,537,1786
dog.11911.jpg,254,2413
dog.10932.jpg,3478,301
dog.12256.jpg,5064,448
dog.10012.jpg,0,5275
dog.10446.jpg,769,3673
dog.10614.jpg,1686,319
dog.11858.jpg,737,406
dog.1517.jpg,1894,2940
dog.10387.jpg,1211,2881
dog.11969.jpg,1111,594
dog.10940.jpg,1,3189
dog.1593.jpg,1260,1640
dog.11433.jpg,2187,904
dog.11441.jpg,1737,1286
dog.1343.jpg,1319,5565
dog.10167.jpg,2225,209
dog.10934.jpg,1711,3164
dog.10637.jpg,1129,2972
dog.12494.jpg,1523,3290
dog.1317.jpg,3074,3663
dog.10248.jpg,1700,4855
dog.10845.jpg,620,2404
dog.1465.jpg,1476,2797
dog.10379.jpg,619,3802
dog.10522.jpg,179,1380
dog.11052.jpg,393,2035
dog.12489.jpg,850,5850
dog.11521.jpg,1697,1578
dog.11711.jpg,419,2575
dog.1588.jpg,227,2308
dog.10170.jpg,1741,2396
dog.11661.jpg,1279,2695
dog.11358.jpg,1252,1800
dog.1363.jpg,1679,3207
dog.11876.jpg,3999,1385
dog.10598.jpg,2179,1799
dog.11887.jpg,488,1096
dog.11638.jpg,114,1728
dog.11653.jpg,3894,1508
dog.11042.jpg,313,5312
dog.11228.jpg,11,2654
dog.11977.jpg,142,4141
dog.12490.jpg,1771,714
dog.11912.jpg,1853,3177
dog.1326.jpg,1479,1890
dog.11125.jpg,1167,2752
dog.11009.jpg,32,594
dog.11585.jpg,1902,1287
dog.1353.jpg,754,238
dog.10876.jpg,5145,1682
dog.11673.jpg,804,2040
dog.11680.jpg,273,3217
dog.11594.jpg,171,756
dog.12082.jpg,1033,1936
dog.10145.jpg,3656,286
dog.1215.jpg,1240,4466
dog.11761.jpg,156,2621
dog.10930.jpg,2061,1053
dog.1321.jpg,927,2959
dog.11130.jpg,2134,4050
dog.10398.jpg,102,1588
dog.10048.jpg,1957,2532
dog.146.jpg,113,1787
dog.11215.jpg,236,2555
dog.157.jpg,1826,2766
dog.11624.jpg,2253,1751
dog.148.jpg,2791,347
dog.12179.jpg,536,5133
dog.12332.jpg,382,4927
dog.158.jpg,1743,1440
dog.11092.jpg,0,3641
dog.1264.jpg,1096,1414
dog.0.jpg,164,1280
dog.11779.jpg,2201,2141
dog.12427.jpg,1419,2856
dog.11099.jpg,63,3315
dog.12030.jpg,74,1944
dog.10534.jpg,954,1582
dog.12158.jpg,1603,1945
dog.112.jpg,350,2206
dog.10928.jpg,480,70
dog.11338.jpg,2526,1613
dog.1187.jpg,3690,1492
dog.11570.jpg,189,4287
dog.10714.jpg,585,3991
dog.143.jpg,3355,1749
dog.1646.jpg,0,2486
dog.11442.jpg,3804,15
dog.11157.jpg,367,223
dog.10797.jpg,5862,3223
dog.11462.jpg,296,1429
dog.10040.jpg,1189,564
dog.12449.jpg,1714,235
dog.11685.jpg,499,962
dog.11483.jpg,763,686
dog.1024.jpg,2197,3714
dog.1139.jpg,1513,1242
dog.11505.jpg,668,3415
dog.12450.jpg,670,3235
dog.11576.jpg,2605,81
dog.10094.jpg,365,938
dog.11766.jpg,3205,3791
dog.11298.jpg,1566,1017
dog.10339.jpg,712,4348
dog.1404.jpg,1781,5077
dog.11097.jpg,36,1772
dog.11991.jpg,1202,986
dog.11267.jpg,2246,1165
dog.12174.jpg,1877,3611
dog.11694.jpg,148,3133
dog.10085.jpg,342,903
dog.10701.jpg,500,1718
dog.12369.jpg,646,3269
dog.1175.jpg,3878,3227
dog.11537.jpg,2215,3523
dog.11078.jpg,1070,910
dog.11639.jpg,901,2583
dog.12087.jpg,2476,2609
dog.1336.jpg,457,330
dog.11270.jpg,359,2768
dog.10368.jpg,821,2314
dog.11757.jpg,2254,1901
dog.10894.jpg,381,2081
dog.12310.jpg,967,1019
dog.1314.jpg,1005,3547
dog.12253.jpg,2009,3303
dog.10914.jpg,3203,1858
dog.11785.jpg,1544,2014
dog.12165.jpg,3062,2037
dog.1474.jpg,483,887
dog.10790.jpg,2601,2132
dog.12460.jpg,410,4346
dog.10159.jpg,1324,4600
dog.101.jpg,1389,1610
dog.10949.jpg,1004,5596
dog.10775.jpg,959,6250
dog.1635.jpg,2137,1127
dog.1014.jpg,4378,364
dog.10292.jpg,3,2256
dog.10237.jpg,6969,2045
dog.11163.jpg,2520,1664
dog.11414.jpg,542,1748
dog.1524.jpg,3396,64
dog.1407.jpg,208,1735
dog.10617.jpg,3844,2401
dog.10604.jpg,2532,1106
dog.10021.jpg,1367,2117
dog.10879.jpg,948,2956
dog.100.jpg,0,3955
dog.10615.jpg,5375,2255
dog.10286.jpg,2470,63
dog.10223.jpg,2310,3263
dog.11900.jpg,678,466
dog.1545.jpg,316,980
dog.10187.jpg,525,456
dog.11980.jpg,1627,1532
dog.12148.jpg,1383,2195
dog.12374.jpg,156,1825
dog.12408.jpg,2787,1532
dog.11621.jpg,1037,572
dog.129.jpg,2077,183
dog.10106.jpg,1617,733
dog.1029.jpg,1287,1817
dog.10674.jpg,351,850
dog.12465.jpg,713,1994
dog.12464.jpg,2794,143
dog.11951.jpg,152,5132
dog.10753.jpg,3253,1301
dog.10774.jpg,2232,897
dog.11030.jpg,0,4062
dog.1435.jpg,699,5187
dog.11799.jpg,863,5109
dog.11493.jpg,512,1842
dog.11758.jpg,355,1068
dog.10317.jpg,649,5132
dog.1191.jpg,1220,4243
dog.10484.jpg,1180,2273
dog.11959.jpg,174,2267
dog.12170.jpg,321,605
dog.10273.jpg,1882,1424
dog.11600.jpg,5244,2252
dog.1296.jpg,594,2484
dog.11591.jpg,1806,497
dog.11626.jpg,2604,2124
dog.11430.jpg,461,4990
dog.11232.jpg,404,1579
dog.1607.jpg,295,1595
dog.1476.jpg,290,3848
dog.10966.jpg,1194,1662
dog.1202.jpg,316,1010
dog.10971.jpg,229,2566
dog.11528.jpg,1167,2105
dog.12199.jpg,7720,99
dog.104.jpg,248,5742
dog.12351.jpg,0,3522
dog.11525.jpg,406,2899
dog.1478.jpg,250,477
dog.11921.jpg,2138,1158
dog.10254.jpg,472,360
dog.10682.jpg,1592,1390
dog.10044.jpg,1038,2411
dog.10439.jpg,18,1226
dog.1422.jpg,7,1989
dog.11100.jpg,342,5033
dog.1281.jpg,461,1585
dog.1347.jpg,4639,2404
dog.11205.jpg,3100,3793
dog.12090.jpg,1939,2040
dog.1196.jpg,3234,233
dog.1021.jpg,4254,2245
dog.10039.jpg,1603,1534
dog.1153.jpg,1799,3211
dog.10144.jpg,200,3282
dog.11015.jpg,617,3875
dog.10707.jpg,1448,1870
dog.10009.jpg,2707,71
dog.11810.jpg,836,421
dog.11747.jpg,445,3756
dog.10246.jpg,777,3978
dog.1076.jpg,4040,324
dog.11471.jpg,2954,2696
dog.1043.jpg,4041,278
dog.10252.jpg,1849,2556
dog.10823.jpg,4186,855
dog.1003.jpg,181,2461
dog.12136.jpg,549,1282
dog.11709.jpg,628,1268
dog.11869.jpg,1146,733
dog.11628.jpg,1209,278
dog.11716.jpg,448,2460
dog.1010.jpg,1403,217
dog.11854.jpg,1107,2466
dog.10726.jpg,143,3724
dog.1230.jpg,1085,3905
dog.10037.jpg,497,468
dog.1085.jpg,28,1570
dog.1550.jpg,2779,1258
dog.1405.jpg,295,709
dog.11567.jpg,1698,2549
dog.12027.jpg,1381,2485
dog.11029.jpg,1386,2238
dog.12115.jpg,1101,2729
dog.11847.jpg,1957,1540
dog.121.jpg,251,1088
dog.10625.jpg,248,1320
dog.10766.jpg,607,4108
dog.1133.jpg,1356,780
dog.11365.jpg,2605,1281
dog.11853.jpg,379,2047
dog.10400.jpg,590,5044
dog.11931.jpg,3358,489
dog.11778.jpg,640,4242
dog.10022.jpg,1083,2368
dog.11124.jpg,767,3001
dog.12463.jpg,3630,95
dog.145.jpg,73,6305
dog.11838.jpg,4941,1125
dog.11278.jpg,1502,1875
dog.12078.jpg,0,4310
dog.11211.jpg,900,1702
dog.1004.jpg,0,3486
dog.10996.jpg,2052,68
dog.11437.jpg,735,3513
dog.1571.jpg,318,2175
dog.1040.jpg,2761,1731
dog.1061.jpg,1045,925
dog.12269.jpg,1448,1822
dog.11955.jpg,4712,16
dog.1141.jpg,1106,3222
dog.11947.jpg,218,2527
dog.10580.jpg,1765,2141
dog.11619.jpg,451,3356
dog.10856.jpg,105,2141
dog.10007.jpg,2897,4001
dog.11238.jpg,2439,2810
dog.10494.jpg,2434,342
dog.11580.jpg,1041,1771
dog.11995.jpg,2105,2058
